node_id,parent_id,level,name_en,name_zh,slug,source_type,source_url,status,example_product_types,case_folder,notes
amazon-best-sellers,,L0,Amazon Best Sellers,亚马逊热销榜,amazon-best-sellers,public_framework,,in_progress,,catalog/,Root framework
appliances,amazon-best-sellers,L1,Appliances,家用电器,appliances,user_screenshot/manual,,in_progress,service plan concept; 2 burner electric cooktop; countertop dishwasher; chest freezer; countertop ice maker,cases/appliances/,Public generic taxonomy
appliances.appliance-warranties,appliances,L2,Appliance Warranties,家电保修,appliance-warranties,user_screenshot/manual,,planned,service plan concept; warranty card mockup,cases/appliances/appliance-warranties/,Generic examples only
appliances.appliance-warranties.service-plan-concept,appliances.appliance-warranties,L4,Service Plan Concept,,service-plan-concept,manual,,placeholder,service plan concept,cases/appliances/appliance-warranties/service-plan-concept/,Derived product type
appliances.appliance-warranties.warranty-card-mockup,appliances.appliance-warranties,L4,Warranty Card Mockup,,warranty-card-mockup,manual,,placeholder,warranty card mockup,cases/appliances/appliance-warranties/warranty-card-mockup/,Derived product type
appliances.cooktops,appliances,L2,Cooktops,炉灶面,cooktops,user_screenshot/manual,,planned,2 burner electric cooktop; gas cooktop; portable induction cooktop,cases/appliances/cooktops/,Generic examples only
appliances.cooktops.2-burner-electric-cooktop,appliances.cooktops,L4,2 Burner Electric Cooktop,,2-burner-electric-cooktop,manual,,placeholder,2 burner electric cooktop,cases/appliances/cooktops/2-burner-electric-cooktop/,Derived product type
appliances.cooktops.gas-cooktop,appliances.cooktops,L4,Gas Cooktop,,gas-cooktop,manual,,placeholder,gas cooktop,cases/appliances/cooktops/gas-cooktop/,Derived product type
appliances.cooktops.portable-induction-cooktop,appliances.cooktops,L4,Portable Induction Cooktop,,portable-induction-cooktop,manual,,placeholder,portable induction cooktop,cases/appliances/cooktops/portable-induction-cooktop/,Derived product type
appliances.dishwashers,appliances,L2,Dishwashers,洗碗机,dishwashers,user_screenshot/manual,,planned,countertop dishwasher; portable dishwasher,cases/appliances/dishwashers/,Generic examples only
appliances.dishwashers.countertop-dishwasher,appliances.dishwashers,L4,Countertop Dishwasher,,countertop-dishwasher,manual,,placeholder,countertop dishwasher,cases/appliances/dishwashers/countertop-dishwasher/,Derived product type
appliances.dishwashers.portable-dishwasher,appliances.dishwashers,L4,Portable Dishwasher,,portable-dishwasher,manual,,placeholder,portable dishwasher,cases/appliances/dishwashers/portable-dishwasher/,Derived product type
appliances.freezers,appliances,L2,Freezers,冷柜/冰柜,freezers,user_screenshot/manual,,planned,chest freezer; upright freezer,cases/appliances/freezers/,Generic examples only
appliances.freezers.chest-freezer,appliances.freezers,L4,Chest Freezer,,chest-freezer,manual,,placeholder,chest freezer,cases/appliances/freezers/chest-freezer/,Derived product type
appliances.freezers.upright-freezer,appliances.freezers,L4,Upright Freezer,,upright-freezer,manual,,placeholder,upright freezer,cases/appliances/freezers/upright-freezer/,Derived product type
appliances.ice-makers,appliances,L2,Ice Makers,制冰机,ice-makers,user_screenshot/manual,,planned,countertop ice maker; nugget ice maker,cases/appliances/ice-makers/,Generic examples only
appliances.ice-makers.countertop-ice-maker,appliances.ice-makers,L4,Countertop Ice Maker,,countertop-ice-maker,manual,,placeholder,countertop ice maker,cases/appliances/ice-makers/countertop-ice-maker/,Derived product type
appliances.ice-makers.nugget-ice-maker,appliances.ice-makers,L4,Nugget Ice Maker,,nugget-ice-maker,manual,,placeholder,nugget ice maker,cases/appliances/ice-makers/nugget-ice-maker/,Derived product type
appliances.range-hoods,appliances,L2,Range Hoods,抽油烟机/炉灶排烟罩,range-hoods,user_screenshot/manual,,planned,under cabinet range hood; wall mount range hood,cases/appliances/range-hoods/,Generic examples only
appliances.range-hoods.under-cabinet-range-hood,appliances.range-hoods,L4,Under Cabinet Range Hood,,under-cabinet-range-hood,manual,,placeholder,under cabinet range hood,cases/appliances/range-hoods/under-cabinet-range-hood/,Derived product type
appliances.range-hoods.wall-mount-range-hood,appliances.range-hoods,L4,Wall Mount Range Hood,,wall-mount-range-hood,manual,,placeholder,wall mount range hood,cases/appliances/range-hoods/wall-mount-range-hood/,Derived product type
appliances.ranges,appliances,L2,Ranges,炉灶整机,ranges,user_screenshot/manual,,planned,gas range; electric range,cases/appliances/ranges/,Generic examples only
appliances.ranges.gas-range,appliances.ranges,L4,Gas Range,,gas-range,manual,,placeholder,gas range,cases/appliances/ranges/gas-range/,Derived product type
appliances.ranges.electric-range,appliances.ranges,L4,Electric Range,,electric-range,manual,,placeholder,electric range,cases/appliances/ranges/electric-range/,Derived product type
appliances.wall-ovens,appliances,L2,Wall Ovens,嵌入式墙炉,wall-ovens,user_screenshot/manual,,planned,wall oven; double wall oven,cases/appliances/wall-ovens/,Generic examples only
appliances.wall-ovens.wall-oven,appliances.wall-ovens,L4,Wall Oven,,wall-oven,manual,,placeholder,wall oven,cases/appliances/wall-ovens/wall-oven/,Derived product type
appliances.wall-ovens.double-wall-oven,appliances.wall-ovens,L4,Double Wall Oven,,double-wall-oven,manual,,placeholder,double wall oven,cases/appliances/wall-ovens/double-wall-oven/,Derived product type
appliances.warming-drawers,appliances,L2,Warming Drawers,保温抽屉,warming-drawers,user_screenshot/manual,,planned,warming drawer; built-in warming drawer,cases/appliances/warming-drawers/,Generic examples only
appliances.warming-drawers.warming-drawer,appliances.warming-drawers,L4,Warming Drawer,,warming-drawer,manual,,placeholder,warming drawer,cases/appliances/warming-drawers/warming-drawer/,Derived product type
appliances.warming-drawers.built-in-warming-drawer,appliances.warming-drawers,L4,Built-In Warming Drawer,,built-in-warming-drawer,manual,,placeholder,built-in warming drawer,cases/appliances/warming-drawers/built-in-warming-drawer/,Derived product type
appliances.washers-and-dryers,appliances,L2,Washers & Dryers,洗衣机与烘干机,washers-and-dryers,user_screenshot/manual,,planned,portable washing machine; compact dryer,cases/appliances/washers-and-dryers/,Generic examples only
appliances.washers-and-dryers.portable-washing-machine,appliances.washers-and-dryers,L4,Portable Washing Machine,,portable-washing-machine,manual,,placeholder,portable washing machine,cases/appliances/washers-and-dryers/portable-washing-machine/,Derived product type
appliances.washers-and-dryers.compact-dryer,appliances.washers-and-dryers,L4,Compact Dryer,,compact-dryer,manual,,placeholder,compact dryer,cases/appliances/washers-and-dryers/compact-dryer/,Derived product type
appliances.wine-cellars,appliances,L2,Wine Cellars,酒柜,wine-cellars,user_screenshot/manual,,planned,wine cooler; wine cellar refrigerator,cases/appliances/wine-cellars/,Generic examples only
appliances.wine-cellars.wine-cooler,appliances.wine-cellars,L4,Wine Cooler,,wine-cooler,manual,,placeholder,wine cooler,cases/appliances/wine-cellars/wine-cooler/,Derived product type
appliances.wine-cellars.wine-cellar-refrigerator,appliances.wine-cellars,L4,Wine Cellar Refrigerator,,wine-cellar-refrigerator,manual,,placeholder,wine cellar refrigerator,cases/appliances/wine-cellars/wine-cellar-refrigerator/,Derived product type
arts-crafts-and-sewing,amazon-best-sellers,L1,"Arts, Crafts & Sewing",艺术、手工与缝纫,arts-crafts-and-sewing,user_screenshot/manual,,in_progress,beads; craft glue; cotton fabric; fabric paint; crochet hooks,cases/arts-crafts-and-sewing/,Public generic taxonomy
arts-crafts-and-sewing.beading-and-jewelry-making,arts-crafts-and-sewing,L2,Beading & Jewelry Making,串珠与首饰制作,beading-and-jewelry-making,user_screenshot/manual,,planned,beads; rhinestones; jewelry glue,cases/arts-crafts-and-sewing/beading-and-jewelry-making/,Generic examples only
arts-crafts-and-sewing.beading-and-jewelry-making.beads,arts-crafts-and-sewing.beading-and-jewelry-making,L4,Beads,,beads,manual,,placeholder,beads,cases/arts-crafts-and-sewing/beading-and-jewelry-making/beads/,Derived product type
arts-crafts-and-sewing.beading-and-jewelry-making.rhinestones,arts-crafts-and-sewing.beading-and-jewelry-making,L4,Rhinestones,,rhinestones,manual,,placeholder,rhinestones,cases/arts-crafts-and-sewing/beading-and-jewelry-making/rhinestones/,Derived product type
arts-crafts-and-sewing.beading-and-jewelry-making.jewelry-glue,arts-crafts-and-sewing.beading-and-jewelry-making,L4,Jewelry Glue,,jewelry-glue,manual,,placeholder,jewelry glue,cases/arts-crafts-and-sewing/beading-and-jewelry-making/jewelry-glue/,Derived product type
arts-crafts-and-sewing.craft-supplies,arts-crafts-and-sewing,L2,Craft Supplies,手工材料,craft-supplies,user_screenshot/manual,,planned,craft glue; glue sticks; craft tape,cases/arts-crafts-and-sewing/craft-supplies/,Generic examples only
arts-crafts-and-sewing.craft-supplies.craft-glue,arts-crafts-and-sewing.craft-supplies,L4,Craft Glue,,craft-glue,manual,,placeholder,craft glue,cases/arts-crafts-and-sewing/craft-supplies/craft-glue/,Derived product type
arts-crafts-and-sewing.craft-supplies.glue-sticks,arts-crafts-and-sewing.craft-supplies,L4,Glue Sticks,,glue-sticks,manual,,placeholder,glue sticks,cases/arts-crafts-and-sewing/craft-supplies/glue-sticks/,Derived product type
arts-crafts-and-sewing.craft-supplies.craft-tape,arts-crafts-and-sewing.craft-supplies,L4,Craft Tape,,craft-tape,manual,,placeholder,craft tape,cases/arts-crafts-and-sewing/craft-supplies/craft-tape/,Derived product type
arts-crafts-and-sewing.fabric,arts-crafts-and-sewing,L2,Fabric,布料,fabric,user_screenshot/manual,,planned,cotton fabric; felt sheets; fabric bundles,cases/arts-crafts-and-sewing/fabric/,Generic examples only
arts-crafts-and-sewing.fabric.cotton-fabric,arts-crafts-and-sewing.fabric,L4,Cotton Fabric,,cotton-fabric,manual,,placeholder,cotton fabric,cases/arts-crafts-and-sewing/fabric/cotton-fabric/,Derived product type
arts-crafts-and-sewing.fabric.felt-sheets,arts-crafts-and-sewing.fabric,L4,Felt Sheets,,felt-sheets,manual,,placeholder,felt sheets,cases/arts-crafts-and-sewing/fabric/felt-sheets/,Derived product type
arts-crafts-and-sewing.fabric.fabric-bundles,arts-crafts-and-sewing.fabric,L4,Fabric Bundles,,fabric-bundles,manual,,placeholder,fabric bundles,cases/arts-crafts-and-sewing/fabric/fabric-bundles/,Derived product type
arts-crafts-and-sewing.fabric-painting-and-dyeing,arts-crafts-and-sewing,L2,Fabric Painting & Dyeing,布料绘画与染色,fabric-painting-and-dyeing,user_screenshot/manual,,planned,fabric paint; fabric markers; tie dye kit,cases/arts-crafts-and-sewing/fabric-painting-and-dyeing/,Generic examples only
arts-crafts-and-sewing.fabric-painting-and-dyeing.fabric-paint,arts-crafts-and-sewing.fabric-painting-and-dyeing,L4,Fabric Paint,,fabric-paint,manual,,placeholder,fabric paint,cases/arts-crafts-and-sewing/fabric-painting-and-dyeing/fabric-paint/,Derived product type
arts-crafts-and-sewing.fabric-painting-and-dyeing.fabric-markers,arts-crafts-and-sewing.fabric-painting-and-dyeing,L4,Fabric Markers,,fabric-markers,manual,,placeholder,fabric markers,cases/arts-crafts-and-sewing/fabric-painting-and-dyeing/fabric-markers/,Derived product type
arts-crafts-and-sewing.fabric-painting-and-dyeing.tie-dye-kit,arts-crafts-and-sewing.fabric-painting-and-dyeing,L4,Tie Dye Kit,,tie-dye-kit,manual,,placeholder,tie dye kit,cases/arts-crafts-and-sewing/fabric-painting-and-dyeing/tie-dye-kit/,Derived product type
arts-crafts-and-sewing.knitting-and-crochet,arts-crafts-and-sewing,L2,Knitting & Crochet,针织与钩针,knitting-and-crochet,user_screenshot/manual,,planned,crochet hooks; knitting needles; knitting kits,cases/arts-crafts-and-sewing/knitting-and-crochet/,Generic examples only
arts-crafts-and-sewing.knitting-and-crochet.crochet-hooks,arts-crafts-and-sewing.knitting-and-crochet,L4,Crochet Hooks,,crochet-hooks,manual,,placeholder,crochet hooks,cases/arts-crafts-and-sewing/knitting-and-crochet/crochet-hooks/,Derived product type
arts-crafts-and-sewing.knitting-and-crochet.knitting-needles,arts-crafts-and-sewing.knitting-and-crochet,L4,Knitting Needles,,knitting-needles,manual,,placeholder,knitting needles,cases/arts-crafts-and-sewing/knitting-and-crochet/knitting-needles/,Derived product type
arts-crafts-and-sewing.knitting-and-crochet.knitting-kits,arts-crafts-and-sewing.knitting-and-crochet,L4,Knitting Kits,,knitting-kits,manual,,placeholder,knitting kits,cases/arts-crafts-and-sewing/knitting-and-crochet/knitting-kits/,Derived product type
arts-crafts-and-sewing.needlework,arts-crafts-and-sewing,L2,Needlework,刺绣与针线手工,needlework,user_screenshot/manual,,planned,embroidery kit; cross stitch kit,cases/arts-crafts-and-sewing/needlework/,Generic examples only
arts-crafts-and-sewing.needlework.embroidery-kit,arts-crafts-and-sewing.needlework,L4,Embroidery Kit,,embroidery-kit,manual,,placeholder,embroidery kit,cases/arts-crafts-and-sewing/needlework/embroidery-kit/,Derived product type
arts-crafts-and-sewing.needlework.cross-stitch-kit,arts-crafts-and-sewing.needlework,L4,Cross Stitch Kit,,cross-stitch-kit,manual,,placeholder,cross stitch kit,cases/arts-crafts-and-sewing/needlework/cross-stitch-kit/,Derived product type
arts-crafts-and-sewing.organization-and-storage,arts-crafts-and-sewing,L2,Organization & Storage,手工收纳与整理,organization-and-storage,user_screenshot/manual,,planned,craft storage box; bead organizer,cases/arts-crafts-and-sewing/organization-and-storage/,Generic examples only
arts-crafts-and-sewing.organization-and-storage.craft-storage-box,arts-crafts-and-sewing.organization-and-storage,L4,Craft Storage Box,,craft-storage-box,manual,,placeholder,craft storage box,cases/arts-crafts-and-sewing/organization-and-storage/craft-storage-box/,Derived product type
arts-crafts-and-sewing.organization-and-storage.bead-organizer,arts-crafts-and-sewing.organization-and-storage,L4,Bead Organizer,,bead-organizer,manual,,placeholder,bead organizer,cases/arts-crafts-and-sewing/organization-and-storage/bead-organizer/,Derived product type
arts-crafts-and-sewing.painting-drawing-and-art-supplies,arts-crafts-and-sewing,L2,"Painting, Drawing & Art Supplies",绘画、素描与美术用品,painting-drawing-and-art-supplies,user_screenshot/manual,,planned,acrylic paint markers; acrylic paint set; paint brushes,cases/arts-crafts-and-sewing/painting-drawing-and-art-supplies/,Generic examples only
arts-crafts-and-sewing.painting-drawing-and-art-supplies.acrylic-paint-markers,arts-crafts-and-sewing.painting-drawing-and-art-supplies,L4,Acrylic Paint Markers,,acrylic-paint-markers,manual,,placeholder,acrylic paint markers,cases/arts-crafts-and-sewing/painting-drawing-and-art-supplies/acrylic-paint-markers/,Derived product type
arts-crafts-and-sewing.painting-drawing-and-art-supplies.acrylic-paint-set,arts-crafts-and-sewing.painting-drawing-and-art-supplies,L4,Acrylic Paint Set,,acrylic-paint-set,manual,,placeholder,acrylic paint set,cases/arts-crafts-and-sewing/painting-drawing-and-art-supplies/acrylic-paint-set/,Derived product type
arts-crafts-and-sewing.painting-drawing-and-art-supplies.paint-brushes,arts-crafts-and-sewing.painting-drawing-and-art-supplies,L4,Paint Brushes,,paint-brushes,manual,,placeholder,paint brushes,cases/arts-crafts-and-sewing/painting-drawing-and-art-supplies/paint-brushes/,Derived product type
arts-crafts-and-sewing.photo-transfer-and-coloring-supplies,arts-crafts-and-sewing,L2,Photo Transfer & Coloring Supplies,照片转印与涂色用品,photo-transfer-and-coloring-supplies,user_screenshot/manual,,planned,coloring markers; transfer paper,cases/arts-crafts-and-sewing/photo-transfer-and-coloring-supplies/,Generic examples only
arts-crafts-and-sewing.photo-transfer-and-coloring-supplies.coloring-markers,arts-crafts-and-sewing.photo-transfer-and-coloring-supplies,L4,Coloring Markers,,coloring-markers,manual,,placeholder,coloring markers,cases/arts-crafts-and-sewing/photo-transfer-and-coloring-supplies/coloring-markers/,Derived product type
arts-crafts-and-sewing.photo-transfer-and-coloring-supplies.transfer-paper,arts-crafts-and-sewing.photo-transfer-and-coloring-supplies,L4,Transfer Paper,,transfer-paper,manual,,placeholder,transfer paper,cases/arts-crafts-and-sewing/photo-transfer-and-coloring-supplies/transfer-paper/,Derived product type
arts-crafts-and-sewing.printmaking,arts-crafts-and-sewing,L2,Printmaking,版画与印刷手工,printmaking,user_screenshot/manual,,planned,linocut tools; printing ink,cases/arts-crafts-and-sewing/printmaking/,Generic examples only
arts-crafts-and-sewing.printmaking.linocut-tools,arts-crafts-and-sewing.printmaking,L4,Linocut Tools,,linocut-tools,manual,,placeholder,linocut tools,cases/arts-crafts-and-sewing/printmaking/linocut-tools/,Derived product type
arts-crafts-and-sewing.printmaking.printing-ink,arts-crafts-and-sewing.printmaking,L4,Printing Ink,,printing-ink,manual,,placeholder,printing ink,cases/arts-crafts-and-sewing/printmaking/printing-ink/,Derived product type
arts-crafts-and-sewing.scrapbooking,arts-crafts-and-sewing,L2,Scrapbooking,剪贴簿手工,scrapbooking,user_screenshot/manual,,planned,scrapbook tape runner; paper embellishments,cases/arts-crafts-and-sewing/scrapbooking/,Generic examples only
arts-crafts-and-sewing.scrapbooking.scrapbook-tape-runner,arts-crafts-and-sewing.scrapbooking,L4,Scrapbook Tape Runner,,scrapbook-tape-runner,manual,,placeholder,scrapbook tape runner,cases/arts-crafts-and-sewing/scrapbooking/scrapbook-tape-runner/,Derived product type
arts-crafts-and-sewing.scrapbooking.paper-embellishments,arts-crafts-and-sewing.scrapbooking,L4,Paper Embellishments,,paper-embellishments,manual,,placeholder,paper embellishments,cases/arts-crafts-and-sewing/scrapbooking/paper-embellishments/,Derived product type
arts-crafts-and-sewing.sewing,arts-crafts-and-sewing,L2,Sewing,缝纫用品,sewing,user_screenshot/manual,,planned,sewing scissors; sewing kit,cases/arts-crafts-and-sewing/sewing/,Generic examples only
arts-crafts-and-sewing.sewing.sewing-scissors,arts-crafts-and-sewing.sewing,L4,Sewing Scissors,,sewing-scissors,manual,,placeholder,sewing scissors,cases/arts-crafts-and-sewing/sewing/sewing-scissors/,Derived product type
arts-crafts-and-sewing.sewing.sewing-kit,arts-crafts-and-sewing.sewing,L4,Sewing Kit,,sewing-kit,manual,,placeholder,sewing kit,cases/arts-crafts-and-sewing/sewing/sewing-kit/,Derived product type
arts-crafts-and-sewing.thread-and-floss,arts-crafts-and-sewing,L2,Thread & Floss,线与绣线,thread-and-floss,user_screenshot/manual,,planned,embroidery floss; sewing thread,cases/arts-crafts-and-sewing/thread-and-floss/,Generic examples only
arts-crafts-and-sewing.thread-and-floss.embroidery-floss,arts-crafts-and-sewing.thread-and-floss,L4,Embroidery Floss,,embroidery-floss,manual,,placeholder,embroidery floss,cases/arts-crafts-and-sewing/thread-and-floss/embroidery-floss/,Derived product type
arts-crafts-and-sewing.thread-and-floss.sewing-thread,arts-crafts-and-sewing.thread-and-floss,L4,Sewing Thread,,sewing-thread,manual,,placeholder,sewing thread,cases/arts-crafts-and-sewing/thread-and-floss/sewing-thread/,Derived product type
arts-crafts-and-sewing.yarn,arts-crafts-and-sewing,L2,Yarn,毛线,yarn,user_screenshot/manual,,planned,acrylic yarn; cotton yarn,cases/arts-crafts-and-sewing/yarn/,Generic examples only
arts-crafts-and-sewing.yarn.acrylic-yarn,arts-crafts-and-sewing.yarn,L4,Acrylic Yarn,,acrylic-yarn,manual,,placeholder,acrylic yarn,cases/arts-crafts-and-sewing/yarn/acrylic-yarn/,Derived product type
arts-crafts-and-sewing.yarn.cotton-yarn,arts-crafts-and-sewing.yarn,L4,Cotton Yarn,,cotton-yarn,manual,,placeholder,cotton yarn,cases/arts-crafts-and-sewing/yarn/cotton-yarn/,Derived product type
audible-books-and-originals,amazon-best-sellers,L1,Audible Books & Originals,Audible 有声书与原创内容,audible-books-and-originals,user_screenshot/manual,,in_progress,audiobook cover art; memoir audiobook; business audiobook; children's story audiobook; comedy audiobook,cases/audible-books-and-originals/,Public generic taxonomy
audible-books-and-originals.arts-and-entertainment,audible-books-and-originals,L2,Arts & Entertainment,艺术与娱乐,arts-and-entertainment,user_screenshot/manual,,planned,audiobook cover art; music biography audiobook,cases/audible-books-and-originals/arts-and-entertainment/,Generic examples only
audible-books-and-originals.arts-and-entertainment.audiobook-cover-art,audible-books-and-originals.arts-and-entertainment,L4,Audiobook Cover Art,,audiobook-cover-art,manual,,placeholder,audiobook cover art,cases/audible-books-and-originals/arts-and-entertainment/audiobook-cover-art/,Derived product type
audible-books-and-originals.arts-and-entertainment.music-biography-audiobook,audible-books-and-originals.arts-and-entertainment,L4,Music Biography Audiobook,,music-biography-audiobook,manual,,placeholder,music biography audiobook,cases/audible-books-and-originals/arts-and-entertainment/music-biography-audiobook/,Derived product type
audible-books-and-originals.biographies-and-memoirs,audible-books-and-originals,L2,Biographies & Memoirs,传记与回忆录,biographies-and-memoirs,user_screenshot/manual,,planned,memoir audiobook; business biography audiobook,cases/audible-books-and-originals/biographies-and-memoirs/,Generic examples only
audible-books-and-originals.biographies-and-memoirs.memoir-audiobook,audible-books-and-originals.biographies-and-memoirs,L4,Memoir Audiobook,,memoir-audiobook,manual,,placeholder,memoir audiobook,cases/audible-books-and-originals/biographies-and-memoirs/memoir-audiobook/,Derived product type
audible-books-and-originals.biographies-and-memoirs.business-biography-audiobook,audible-books-and-originals.biographies-and-memoirs,L4,Business Biography Audiobook,,business-biography-audiobook,manual,,placeholder,business biography audiobook,cases/audible-books-and-originals/biographies-and-memoirs/business-biography-audiobook/,Derived product type
audible-books-and-originals.business-and-careers,audible-books-and-originals,L2,Business & Careers,商业与职业,business-and-careers,user_screenshot/manual,,planned,business audiobook; leadership audiobook,cases/audible-books-and-originals/business-and-careers/,Generic examples only
audible-books-and-originals.business-and-careers.business-audiobook,audible-books-and-originals.business-and-careers,L4,Business Audiobook,,business-audiobook,manual,,placeholder,business audiobook,cases/audible-books-and-originals/business-and-careers/business-audiobook/,Derived product type
audible-books-and-originals.business-and-careers.leadership-audiobook,audible-books-and-originals.business-and-careers,L4,Leadership Audiobook,,leadership-audiobook,manual,,placeholder,leadership audiobook,cases/audible-books-and-originals/business-and-careers/leadership-audiobook/,Derived product type
audible-books-and-originals.childrens-audiobooks,audible-books-and-originals,L2,Children's Audiobooks,儿童有声书,childrens-audiobooks,user_screenshot/manual,,planned,children's story audiobook; bedtime story audiobook,cases/audible-books-and-originals/childrens-audiobooks/,Generic examples only
audible-books-and-originals.childrens-audiobooks.childrens-story-audiobook,audible-books-and-originals.childrens-audiobooks,L4,Children'S Story Audiobook,,childrens-story-audiobook,manual,,placeholder,children's story audiobook,cases/audible-books-and-originals/childrens-audiobooks/childrens-story-audiobook/,Derived product type
audible-books-and-originals.childrens-audiobooks.bedtime-story-audiobook,audible-books-and-originals.childrens-audiobooks,L4,Bedtime Story Audiobook,,bedtime-story-audiobook,manual,,placeholder,bedtime story audiobook,cases/audible-books-and-originals/childrens-audiobooks/bedtime-story-audiobook/,Derived product type
audible-books-and-originals.comedy-and-humor,audible-books-and-originals,L2,Comedy & Humor,喜剧与幽默,comedy-and-humor,user_screenshot/manual,,planned,comedy audiobook; humor essay audiobook,cases/audible-books-and-originals/comedy-and-humor/,Generic examples only
audible-books-and-originals.comedy-and-humor.comedy-audiobook,audible-books-and-originals.comedy-and-humor,L4,Comedy Audiobook,,comedy-audiobook,manual,,placeholder,comedy audiobook,cases/audible-books-and-originals/comedy-and-humor/comedy-audiobook/,Derived product type
audible-books-and-originals.comedy-and-humor.humor-essay-audiobook,audible-books-and-originals.comedy-and-humor,L4,Humor Essay Audiobook,,humor-essay-audiobook,manual,,placeholder,humor essay audiobook,cases/audible-books-and-originals/comedy-and-humor/humor-essay-audiobook/,Derived product type
audible-books-and-originals.computers-and-technology,audible-books-and-originals,L2,Computers & Technology,计算机与科技,computers-and-technology,user_screenshot/manual,,planned,technology audiobook; AI audiobook,cases/audible-books-and-originals/computers-and-technology/,Generic examples only
audible-books-and-originals.computers-and-technology.technology-audiobook,audible-books-and-originals.computers-and-technology,L4,Technology Audiobook,,technology-audiobook,manual,,placeholder,technology audiobook,cases/audible-books-and-originals/computers-and-technology/technology-audiobook/,Derived product type
audible-books-and-originals.computers-and-technology.ai-audiobook,audible-books-and-originals.computers-and-technology,L4,Ai Audiobook,,ai-audiobook,manual,,placeholder,AI audiobook,cases/audible-books-and-originals/computers-and-technology/ai-audiobook/,Derived product type
audible-books-and-originals.education-and-learning,audible-books-and-originals,L2,Education & Learning,教育与学习,education-and-learning,user_screenshot/manual,,planned,language learning audiobook; audio course cover,cases/audible-books-and-originals/education-and-learning/,Generic examples only
audible-books-and-originals.education-and-learning.language-learning-audiobook,audible-books-and-originals.education-and-learning,L4,Language Learning Audiobook,,language-learning-audiobook,manual,,placeholder,language learning audiobook,cases/audible-books-and-originals/education-and-learning/language-learning-audiobook/,Derived product type
audible-books-and-originals.education-and-learning.audio-course-cover,audible-books-and-originals.education-and-learning,L4,Audio Course Cover,,audio-course-cover,manual,,placeholder,audio course cover,cases/audible-books-and-originals/education-and-learning/audio-course-cover/,Derived product type
audible-books-and-originals.erotica,audible-books-and-originals,L2,Erotica,成人情感文学,erotica,user_screenshot/manual,,planned,adult romance audio cover,cases/audible-books-and-originals/erotica/,Generic examples only
audible-books-and-originals.erotica.adult-romance-audio-cover,audible-books-and-originals.erotica,L4,Adult Romance Audio Cover,,adult-romance-audio-cover,manual,,placeholder,adult romance audio cover,cases/audible-books-and-originals/erotica/adult-romance-audio-cover/,Derived product type
audible-books-and-originals.health-and-wellness,audible-books-and-originals,L2,Health & Wellness,健康与身心,health-and-wellness,user_screenshot/manual,,planned,wellness audiobook; mindfulness audiobook,cases/audible-books-and-originals/health-and-wellness/,Generic examples only
audible-books-and-originals.health-and-wellness.wellness-audiobook,audible-books-and-originals.health-and-wellness,L4,Wellness Audiobook,,wellness-audiobook,manual,,placeholder,wellness audiobook,cases/audible-books-and-originals/health-and-wellness/wellness-audiobook/,Derived product type
audible-books-and-originals.health-and-wellness.mindfulness-audiobook,audible-books-and-originals.health-and-wellness,L4,Mindfulness Audiobook,,mindfulness-audiobook,manual,,placeholder,mindfulness audiobook,cases/audible-books-and-originals/health-and-wellness/mindfulness-audiobook/,Derived product type
audible-books-and-originals.history,audible-books-and-originals,L2,History,历史,history,user_screenshot/manual,,planned,history audiobook; war history audiobook,cases/audible-books-and-originals/history/,Generic examples only
audible-books-and-originals.history.history-audiobook,audible-books-and-originals.history,L4,History Audiobook,,history-audiobook,manual,,placeholder,history audiobook,cases/audible-books-and-originals/history/history-audiobook/,Derived product type
audible-books-and-originals.history.war-history-audiobook,audible-books-and-originals.history,L4,War History Audiobook,,war-history-audiobook,manual,,placeholder,war history audiobook,cases/audible-books-and-originals/history/war-history-audiobook/,Derived product type
audible-books-and-originals.home-and-garden,audible-books-and-originals,L2,Home & Garden,家居与园艺,home-and-garden,user_screenshot/manual,,planned,home improvement audiobook; gardening audio guide,cases/audible-books-and-originals/home-and-garden/,Generic examples only
audible-books-and-originals.home-and-garden.home-improvement-audiobook,audible-books-and-originals.home-and-garden,L4,Home Improvement Audiobook,,home-improvement-audiobook,manual,,placeholder,home improvement audiobook,cases/audible-books-and-originals/home-and-garden/home-improvement-audiobook/,Derived product type
audible-books-and-originals.home-and-garden.gardening-audio-guide,audible-books-and-originals.home-and-garden,L4,Gardening Audio Guide,,gardening-audio-guide,manual,,placeholder,gardening audio guide,cases/audible-books-and-originals/home-and-garden/gardening-audio-guide/,Derived product type
audible-books-and-originals.lgbtq,audible-books-and-originals,L2,LGBTQ+,LGBTQ+,lgbtq,user_screenshot/manual,,planned,LGBTQ+ memoir audiobook; queer fiction audio cover,cases/audible-books-and-originals/lgbtq/,Generic examples only
audible-books-and-originals.lgbtq.lgbtq-memoir-audiobook,audible-books-and-originals.lgbtq,L4,Lgbtq+ Memoir Audiobook,,lgbtq-memoir-audiobook,manual,,placeholder,LGBTQ+ memoir audiobook,cases/audible-books-and-originals/lgbtq/lgbtq-memoir-audiobook/,Derived product type
audible-books-and-originals.lgbtq.queer-fiction-audio-cover,audible-books-and-originals.lgbtq,L4,Queer Fiction Audio Cover,,queer-fiction-audio-cover,manual,,placeholder,queer fiction audio cover,cases/audible-books-and-originals/lgbtq/queer-fiction-audio-cover/,Derived product type
audible-books-and-originals.literature-and-fiction,audible-books-and-originals,L2,Literature & Fiction,文学与小说,literature-and-fiction,user_screenshot/manual,,planned,novel audiobook; literary fiction audiobook,cases/audible-books-and-originals/literature-and-fiction/,Generic examples only
audible-books-and-originals.literature-and-fiction.novel-audiobook,audible-books-and-originals.literature-and-fiction,L4,Novel Audiobook,,novel-audiobook,manual,,placeholder,novel audiobook,cases/audible-books-and-originals/literature-and-fiction/novel-audiobook/,Derived product type
audible-books-and-originals.literature-and-fiction.literary-fiction-audiobook,audible-books-and-originals.literature-and-fiction,L4,Literary Fiction Audiobook,,literary-fiction-audiobook,manual,,placeholder,literary fiction audiobook,cases/audible-books-and-originals/literature-and-fiction/literary-fiction-audiobook/,Derived product type
audible-books-and-originals.money-and-finance,audible-books-and-originals,L2,Money & Finance,金钱与金融,money-and-finance,user_screenshot/manual,,planned,personal finance audiobook; investing audiobook,cases/audible-books-and-originals/money-and-finance/,Generic examples only
audible-books-and-originals.money-and-finance.personal-finance-audiobook,audible-books-and-originals.money-and-finance,L4,Personal Finance Audiobook,,personal-finance-audiobook,manual,,placeholder,personal finance audiobook,cases/audible-books-and-originals/money-and-finance/personal-finance-audiobook/,Derived product type
audible-books-and-originals.money-and-finance.investing-audiobook,audible-books-and-originals.money-and-finance,L4,Investing Audiobook,,investing-audiobook,manual,,placeholder,investing audiobook,cases/audible-books-and-originals/money-and-finance/investing-audiobook/,Derived product type
audible-books-and-originals.mystery-thriller-and-suspense,audible-books-and-originals,L2,"Mystery, Thriller & Suspense",悬疑、惊悚与推理,mystery-thriller-and-suspense,user_screenshot/manual,,planned,mystery audiobook; thriller audio cover,cases/audible-books-and-originals/mystery-thriller-and-suspense/,Generic examples only
audible-books-and-originals.mystery-thriller-and-suspense.mystery-audiobook,audible-books-and-originals.mystery-thriller-and-suspense,L4,Mystery Audiobook,,mystery-audiobook,manual,,placeholder,mystery audiobook,cases/audible-books-and-originals/mystery-thriller-and-suspense/mystery-audiobook/,Derived product type
audible-books-and-originals.mystery-thriller-and-suspense.thriller-audio-cover,audible-books-and-originals.mystery-thriller-and-suspense,L4,Thriller Audio Cover,,thriller-audio-cover,manual,,placeholder,thriller audio cover,cases/audible-books-and-originals/mystery-thriller-and-suspense/thriller-audio-cover/,Derived product type
audible-books-and-originals.politics-and-social-sciences,audible-books-and-originals,L2,Politics & Social Sciences,政治与社会科学,politics-and-social-sciences,user_screenshot/manual,,planned,politics audiobook; sociology audio cover,cases/audible-books-and-originals/politics-and-social-sciences/,Generic examples only
audible-books-and-originals.politics-and-social-sciences.politics-audiobook,audible-books-and-originals.politics-and-social-sciences,L4,Politics Audiobook,,politics-audiobook,manual,,placeholder,politics audiobook,cases/audible-books-and-originals/politics-and-social-sciences/politics-audiobook/,Derived product type
audible-books-and-originals.politics-and-social-sciences.sociology-audio-cover,audible-books-and-originals.politics-and-social-sciences,L4,Sociology Audio Cover,,sociology-audio-cover,manual,,placeholder,sociology audio cover,cases/audible-books-and-originals/politics-and-social-sciences/sociology-audio-cover/,Derived product type
audible-books-and-originals.relationships-parenting-and-personal-development,audible-books-and-originals,L2,"Relationships, Parenting & Personal Development",关系、育儿与个人成长,relationships-parenting-and-personal-development,user_screenshot/manual,,planned,self-help audiobook; parenting audio guide,cases/audible-books-and-originals/relationships-parenting-and-personal-development/,Generic examples only
audible-books-and-originals.relationships-parenting-and-personal-development.self-help-audiobook,audible-books-and-originals.relationships-parenting-and-personal-development,L4,Self-Help Audiobook,,self-help-audiobook,manual,,placeholder,self-help audiobook,cases/audible-books-and-originals/relationships-parenting-and-personal-development/self-help-audiobook/,Derived product type
audible-books-and-originals.relationships-parenting-and-personal-development.parenting-audio-guide,audible-books-and-originals.relationships-parenting-and-personal-development,L4,Parenting Audio Guide,,parenting-audio-guide,manual,,placeholder,parenting audio guide,cases/audible-books-and-originals/relationships-parenting-and-personal-development/parenting-audio-guide/,Derived product type
audible-books-and-originals.religion-and-spirituality,audible-books-and-originals,L2,Religion & Spirituality,宗教与灵性,religion-and-spirituality,user_screenshot/manual,,planned,spirituality audiobook; meditation audio guide,cases/audible-books-and-originals/religion-and-spirituality/,Generic examples only
audible-books-and-originals.religion-and-spirituality.spirituality-audiobook,audible-books-and-originals.religion-and-spirituality,L4,Spirituality Audiobook,,spirituality-audiobook,manual,,placeholder,spirituality audiobook,cases/audible-books-and-originals/religion-and-spirituality/spirituality-audiobook/,Derived product type
audible-books-and-originals.religion-and-spirituality.meditation-audio-guide,audible-books-and-originals.religion-and-spirituality,L4,Meditation Audio Guide,,meditation-audio-guide,manual,,placeholder,meditation audio guide,cases/audible-books-and-originals/religion-and-spirituality/meditation-audio-guide/,Derived product type
audible-books-and-originals.romance,audible-books-and-originals,L2,Romance,爱情小说,romance,user_screenshot/manual,,planned,romance audiobook; romantic comedy audio cover,cases/audible-books-and-originals/romance/,Generic examples only
audible-books-and-originals.romance.romance-audiobook,audible-books-and-originals.romance,L4,Romance Audiobook,,romance-audiobook,manual,,placeholder,romance audiobook,cases/audible-books-and-originals/romance/romance-audiobook/,Derived product type
audible-books-and-originals.romance.romantic-comedy-audio-cover,audible-books-and-originals.romance,L4,Romantic Comedy Audio Cover,,romantic-comedy-audio-cover,manual,,placeholder,romantic comedy audio cover,cases/audible-books-and-originals/romance/romantic-comedy-audio-cover/,Derived product type
audible-books-and-originals.science-and-engineering,audible-books-and-originals,L2,Science & Engineering,科学与工程,science-and-engineering,user_screenshot/manual,,planned,popular science audiobook; engineering audio course,cases/audible-books-and-originals/science-and-engineering/,Generic examples only
audible-books-and-originals.science-and-engineering.popular-science-audiobook,audible-books-and-originals.science-and-engineering,L4,Popular Science Audiobook,,popular-science-audiobook,manual,,placeholder,popular science audiobook,cases/audible-books-and-originals/science-and-engineering/popular-science-audiobook/,Derived product type
audible-books-and-originals.science-and-engineering.engineering-audio-course,audible-books-and-originals.science-and-engineering,L4,Engineering Audio Course,,engineering-audio-course,manual,,placeholder,engineering audio course,cases/audible-books-and-originals/science-and-engineering/engineering-audio-course/,Derived product type
audible-books-and-originals.science-fiction-and-fantasy,audible-books-and-originals,L2,Science Fiction & Fantasy,科幻与奇幻,science-fiction-and-fantasy,user_screenshot/manual,,planned,science fiction audiobook; fantasy audiobook,cases/audible-books-and-originals/science-fiction-and-fantasy/,Generic examples only
audible-books-and-originals.science-fiction-and-fantasy.science-fiction-audiobook,audible-books-and-originals.science-fiction-and-fantasy,L4,Science Fiction Audiobook,,science-fiction-audiobook,manual,,placeholder,science fiction audiobook,cases/audible-books-and-originals/science-fiction-and-fantasy/science-fiction-audiobook/,Derived product type
audible-books-and-originals.science-fiction-and-fantasy.fantasy-audiobook,audible-books-and-originals.science-fiction-and-fantasy,L4,Fantasy Audiobook,,fantasy-audiobook,manual,,placeholder,fantasy audiobook,cases/audible-books-and-originals/science-fiction-and-fantasy/fantasy-audiobook/,Derived product type
audible-books-and-originals.sports-and-outdoors,audible-books-and-originals,L2,Sports & Outdoors,运动与户外,sports-and-outdoors,user_screenshot/manual,,planned,sports biography audiobook; outdoor adventure audiobook,cases/audible-books-and-originals/sports-and-outdoors/,Generic examples only
audible-books-and-originals.sports-and-outdoors.sports-biography-audiobook,audible-books-and-originals.sports-and-outdoors,L4,Sports Biography Audiobook,,sports-biography-audiobook,manual,,placeholder,sports biography audiobook,cases/audible-books-and-originals/sports-and-outdoors/sports-biography-audiobook/,Derived product type
audible-books-and-originals.sports-and-outdoors.outdoor-adventure-audiobook,audible-books-and-originals.sports-and-outdoors,L4,Outdoor Adventure Audiobook,,outdoor-adventure-audiobook,manual,,placeholder,outdoor adventure audiobook,cases/audible-books-and-originals/sports-and-outdoors/outdoor-adventure-audiobook/,Derived product type
audible-books-and-originals.teen-and-young-adult,audible-books-and-originals,L2,Teen & Young Adult,青少年读物,teen-and-young-adult,user_screenshot/manual,,planned,young adult audiobook; YA fantasy audio cover,cases/audible-books-and-originals/teen-and-young-adult/,Generic examples only
audible-books-and-originals.teen-and-young-adult.young-adult-audiobook,audible-books-and-originals.teen-and-young-adult,L4,Young Adult Audiobook,,young-adult-audiobook,manual,,placeholder,young adult audiobook,cases/audible-books-and-originals/teen-and-young-adult/young-adult-audiobook/,Derived product type
audible-books-and-originals.teen-and-young-adult.ya-fantasy-audio-cover,audible-books-and-originals.teen-and-young-adult,L4,Ya Fantasy Audio Cover,,ya-fantasy-audio-cover,manual,,placeholder,YA fantasy audio cover,cases/audible-books-and-originals/teen-and-young-adult/ya-fantasy-audio-cover/,Derived product type
audible-books-and-originals.travel-and-tourism,audible-books-and-originals,L2,Travel & Tourism,旅行与旅游,travel-and-tourism,user_screenshot/manual,,planned,travel memoir audiobook; city guide audio cover,cases/audible-books-and-originals/travel-and-tourism/,Generic examples only
audible-books-and-originals.travel-and-tourism.travel-memoir-audiobook,audible-books-and-originals.travel-and-tourism,L4,Travel Memoir Audiobook,,travel-memoir-audiobook,manual,,placeholder,travel memoir audiobook,cases/audible-books-and-originals/travel-and-tourism/travel-memoir-audiobook/,Derived product type
audible-books-and-originals.travel-and-tourism.city-guide-audio-cover,audible-books-and-originals.travel-and-tourism,L4,City Guide Audio Cover,,city-guide-audio-cover,manual,,placeholder,city guide audio cover,cases/audible-books-and-originals/travel-and-tourism/city-guide-audio-cover/,Derived product type
automotive,amazon-best-sellers,L1,Automotive,汽车用品,automotive,user_screenshot/manual,,in_progress,car cleaning cloth; windshield sunshade; car phone mount; LED car light; motorcycle cover,cases/automotive/,Public generic taxonomy
automotive.car-care,automotive,L2,Car Care,汽车护理,car-care,user_screenshot/manual,,planned,car cleaning cloth; interior cleaner; car air freshener,cases/automotive/car-care/,Generic examples only
automotive.car-care.car-cleaning-cloth,automotive.car-care,L4,Car Cleaning Cloth,,car-cleaning-cloth,manual,,placeholder,car cleaning cloth,cases/automotive/car-care/car-cleaning-cloth/,Derived product type
automotive.car-care.interior-cleaner,automotive.car-care,L4,Interior Cleaner,,interior-cleaner,manual,,placeholder,interior cleaner,cases/automotive/car-care/interior-cleaner/,Derived product type
automotive.car-care.car-air-freshener,automotive.car-care,L4,Car Air Freshener,,car-air-freshener,manual,,placeholder,car air freshener,cases/automotive/car-care/car-air-freshener/,Derived product type
automotive.exterior-accessories,automotive,L2,Exterior Accessories,汽车外饰配件,exterior-accessories,user_screenshot/manual,,planned,windshield sunshade; car cover,cases/automotive/exterior-accessories/,Generic examples only
automotive.exterior-accessories.windshield-sunshade,automotive.exterior-accessories,L4,Windshield Sunshade,,windshield-sunshade,manual,,placeholder,windshield sunshade,cases/automotive/exterior-accessories/windshield-sunshade/,Derived product type
automotive.exterior-accessories.car-cover,automotive.exterior-accessories,L4,Car Cover,,car-cover,manual,,placeholder,car cover,cases/automotive/exterior-accessories/car-cover/,Derived product type
automotive.interior-accessories,automotive,L2,Interior Accessories,汽车内饰配件,interior-accessories,user_screenshot/manual,,planned,car phone mount; seat organizer,cases/automotive/interior-accessories/,Generic examples only
automotive.interior-accessories.car-phone-mount,automotive.interior-accessories,L4,Car Phone Mount,,car-phone-mount,manual,,placeholder,car phone mount,cases/automotive/interior-accessories/car-phone-mount/,Derived product type
automotive.interior-accessories.seat-organizer,automotive.interior-accessories,L4,Seat Organizer,,seat-organizer,manual,,placeholder,seat organizer,cases/automotive/interior-accessories/seat-organizer/,Derived product type
automotive.light-and-lighting-accessories,automotive,L2,Light & Lighting Accessories,车灯与照明配件,light-and-lighting-accessories,user_screenshot/manual,,planned,LED car light; headlight bulb,cases/automotive/light-and-lighting-accessories/,Generic examples only
automotive.light-and-lighting-accessories.led-car-light,automotive.light-and-lighting-accessories,L4,Led Car Light,,led-car-light,manual,,placeholder,LED car light,cases/automotive/light-and-lighting-accessories/led-car-light/,Derived product type
automotive.light-and-lighting-accessories.headlight-bulb,automotive.light-and-lighting-accessories,L4,Headlight Bulb,,headlight-bulb,manual,,placeholder,headlight bulb,cases/automotive/light-and-lighting-accessories/headlight-bulb/,Derived product type
automotive.motorcycle-and-atv,automotive,L2,Motorcycle & ATV,摩托车与 ATV,motorcycle-and-atv,user_screenshot/manual,,planned,motorcycle cover; ATV accessory,cases/automotive/motorcycle-and-atv/,Generic examples only
automotive.motorcycle-and-atv.motorcycle-cover,automotive.motorcycle-and-atv,L4,Motorcycle Cover,,motorcycle-cover,manual,,placeholder,motorcycle cover,cases/automotive/motorcycle-and-atv/motorcycle-cover/,Derived product type
automotive.motorcycle-and-atv.atv-accessory,automotive.motorcycle-and-atv,L4,Atv Accessory,,atv-accessory,manual,,placeholder,ATV accessory,cases/automotive/motorcycle-and-atv/atv-accessory/,Derived product type
automotive.oils-and-fluids,automotive,L2,Oils & Fluids,机油与车用液体,oils-and-fluids,user_screenshot/manual,,planned,motor oil bottle; windshield washer fluid,cases/automotive/oils-and-fluids/,Generic examples only
automotive.oils-and-fluids.motor-oil-bottle,automotive.oils-and-fluids,L4,Motor Oil Bottle,,motor-oil-bottle,manual,,placeholder,motor oil bottle,cases/automotive/oils-and-fluids/motor-oil-bottle/,Derived product type
automotive.oils-and-fluids.windshield-washer-fluid,automotive.oils-and-fluids,L4,Windshield Washer Fluid,,windshield-washer-fluid,manual,,placeholder,windshield washer fluid,cases/automotive/oils-and-fluids/windshield-washer-fluid/,Derived product type
automotive.paint-and-paint-supplies,automotive,L2,Paint & Paint Supplies,汽车喷漆与喷漆用品,paint-and-paint-supplies,user_screenshot/manual,,planned,touch-up paint pen; spray paint,cases/automotive/paint-and-paint-supplies/,Generic examples only
automotive.paint-and-paint-supplies.touch-up-paint-pen,automotive.paint-and-paint-supplies,L4,Touch-Up Paint Pen,,touch-up-paint-pen,manual,,placeholder,touch-up paint pen,cases/automotive/paint-and-paint-supplies/touch-up-paint-pen/,Derived product type
automotive.paint-and-paint-supplies.spray-paint,automotive.paint-and-paint-supplies,L4,Spray Paint,,spray-paint,manual,,placeholder,spray paint,cases/automotive/paint-and-paint-supplies/spray-paint/,Derived product type
automotive.performance-parts-and-accessories,automotive,L2,Performance Parts & Accessories,性能零件与配件,performance-parts-and-accessories,user_screenshot/manual,,planned,air filter; performance gauge,cases/automotive/performance-parts-and-accessories/,Generic examples only
automotive.performance-parts-and-accessories.air-filter,automotive.performance-parts-and-accessories,L4,Air Filter,,air-filter,manual,,placeholder,air filter,cases/automotive/performance-parts-and-accessories/air-filter/,Derived product type
automotive.performance-parts-and-accessories.performance-gauge,automotive.performance-parts-and-accessories,L4,Performance Gauge,,performance-gauge,manual,,placeholder,performance gauge,cases/automotive/performance-parts-and-accessories/performance-gauge/,Derived product type
automotive.rv-parts-and-accessories,automotive,L2,RV Parts & Accessories,房车零件与配件,rv-parts-and-accessories,user_screenshot/manual,,planned,RV water hose; RV leveling blocks,cases/automotive/rv-parts-and-accessories/,Generic examples only
automotive.rv-parts-and-accessories.rv-water-hose,automotive.rv-parts-and-accessories,L4,Rv Water Hose,,rv-water-hose,manual,,placeholder,RV water hose,cases/automotive/rv-parts-and-accessories/rv-water-hose/,Derived product type
automotive.rv-parts-and-accessories.rv-leveling-blocks,automotive.rv-parts-and-accessories,L4,Rv Leveling Blocks,,rv-leveling-blocks,manual,,placeholder,RV leveling blocks,cases/automotive/rv-parts-and-accessories/rv-leveling-blocks/,Derived product type
automotive.replacement-parts,automotive,L2,Replacement Parts,替换零件,replacement-parts,user_screenshot/manual,,planned,cabin air filter; wiper blade,cases/automotive/replacement-parts/,Generic examples only
automotive.replacement-parts.cabin-air-filter,automotive.replacement-parts,L4,Cabin Air Filter,,cabin-air-filter,manual,,placeholder,cabin air filter,cases/automotive/replacement-parts/cabin-air-filter/,Derived product type
automotive.replacement-parts.wiper-blade,automotive.replacement-parts,L4,Wiper Blade,,wiper-blade,manual,,placeholder,wiper blade,cases/automotive/replacement-parts/wiper-blade/,Derived product type
automotive.tools-and-equipment,automotive,L2,Tools & Equipment,汽车工具与设备,tools-and-equipment,user_screenshot/manual,,planned,tire inflator; diagnostic tool,cases/automotive/tools-and-equipment/,Generic examples only
automotive.tools-and-equipment.tire-inflator,automotive.tools-and-equipment,L4,Tire Inflator,,tire-inflator,manual,,placeholder,tire inflator,cases/automotive/tools-and-equipment/tire-inflator/,Derived product type
automotive.tools-and-equipment.diagnostic-tool,automotive.tools-and-equipment,L4,Diagnostic Tool,,diagnostic-tool,manual,,placeholder,diagnostic tool,cases/automotive/tools-and-equipment/diagnostic-tool/,Derived product type
automotive.wheels-and-tires,automotive,L2,Wheels & Tires,轮胎与轮毂,wheels-and-tires,user_screenshot/manual,,planned,tire pressure gauge; wheel cover,cases/automotive/wheels-and-tires/,Generic examples only
automotive.wheels-and-tires.tire-pressure-gauge,automotive.wheels-and-tires,L4,Tire Pressure Gauge,,tire-pressure-gauge,manual,,placeholder,tire pressure gauge,cases/automotive/wheels-and-tires/tire-pressure-gauge/,Derived product type
automotive.wheels-and-tires.wheel-cover,automotive.wheels-and-tires,L4,Wheel Cover,,wheel-cover,manual,,placeholder,wheel cover,cases/automotive/wheels-and-tires/wheel-cover/,Derived product type
baby,amazon-best-sellers,L1,Baby,母婴用品,baby,user_screenshot/manual,,in_progress,baby play mat; baby wipes; infant car seat; baby diapers; baby bottle,cases/baby/,Public generic taxonomy
baby.activity-and-entertainment,baby,L2,Activity & Entertainment,活动与娱乐,activity-and-entertainment,user_screenshot/manual,,planned,baby play mat; rattle toy,cases/baby/activity-and-entertainment/,Generic examples only
baby.activity-and-entertainment.baby-play-mat,baby.activity-and-entertainment,L4,Baby Play Mat,,baby-play-mat,manual,,placeholder,baby play mat,cases/baby/activity-and-entertainment/baby-play-mat/,Derived product type
baby.activity-and-entertainment.rattle-toy,baby.activity-and-entertainment,L4,Rattle Toy,,rattle-toy,manual,,placeholder,rattle toy,cases/baby/activity-and-entertainment/rattle-toy/,Derived product type
baby.baby-care,baby,L2,Baby Care,婴儿护理,baby-care,user_screenshot/manual,,planned,baby wipes; baby shampoo,cases/baby/baby-care/,Generic examples only
baby.baby-care.baby-wipes,baby.baby-care,L4,Baby Wipes,,baby-wipes,manual,,placeholder,baby wipes,cases/baby/baby-care/baby-wipes/,Derived product type
baby.baby-care.baby-shampoo,baby.baby-care,L4,Baby Shampoo,,baby-shampoo,manual,,placeholder,baby shampoo,cases/baby/baby-care/baby-shampoo/,Derived product type
baby.car-seats,baby,L2,Car Seats,儿童安全座椅,car-seats,user_screenshot/manual,,planned,infant car seat; booster seat,cases/baby/car-seats/,Generic examples only
baby.car-seats.infant-car-seat,baby.car-seats,L4,Infant Car Seat,,infant-car-seat,manual,,placeholder,infant car seat,cases/baby/car-seats/infant-car-seat/,Derived product type
baby.car-seats.booster-seat,baby.car-seats,L4,Booster Seat,,booster-seat,manual,,placeholder,booster seat,cases/baby/car-seats/booster-seat/,Derived product type
baby.diapering,baby,L2,Diapering,尿布与换尿布用品,diapering,user_screenshot/manual,,planned,baby diapers; baby wipes,cases/baby/diapering/,Generic examples only
baby.diapering.baby-diapers,baby.diapering,L4,Baby Diapers,,baby-diapers,manual,,placeholder,baby diapers,cases/baby/diapering/baby-diapers/,Derived product type
baby.diapering.baby-wipes,baby.diapering,L4,Baby Wipes,,baby-wipes,manual,,placeholder,baby wipes,cases/baby/diapering/baby-wipes/,Derived product type
baby.feeding,baby,L2,Feeding,喂养用品,feeding,user_screenshot/manual,,planned,baby bottle; bottle warmer,cases/baby/feeding/,Generic examples only
baby.feeding.baby-bottle,baby.feeding,L4,Baby Bottle,,baby-bottle,manual,,placeholder,baby bottle,cases/baby/feeding/baby-bottle/,Derived product type
baby.feeding.bottle-warmer,baby.feeding,L4,Bottle Warmer,,bottle-warmer,manual,,placeholder,bottle warmer,cases/baby/feeding/bottle-warmer/,Derived product type
baby.for-moms,baby,L2,For Moms,妈妈用品,for-moms,user_screenshot/manual,,planned,nursing pads; breast pump accessory,cases/baby/for-moms/,Generic examples only
baby.for-moms.nursing-pads,baby.for-moms,L4,Nursing Pads,,nursing-pads,manual,,placeholder,nursing pads,cases/baby/for-moms/nursing-pads/,Derived product type
baby.for-moms.breast-pump-accessory,baby.for-moms,L4,Breast Pump Accessory,,breast-pump-accessory,manual,,placeholder,breast pump accessory,cases/baby/for-moms/breast-pump-accessory/,Derived product type
baby.gifts,baby,L2,Gifts,婴儿礼品,gifts,user_screenshot/manual,,planned,baby gift set; newborn keepsake,cases/baby/gifts/,Generic examples only
baby.gifts.baby-gift-set,baby.gifts,L4,Baby Gift Set,,baby-gift-set,manual,,placeholder,baby gift set,cases/baby/gifts/baby-gift-set/,Derived product type
baby.gifts.newborn-keepsake,baby.gifts,L4,Newborn Keepsake,,newborn-keepsake,manual,,placeholder,newborn keepsake,cases/baby/gifts/newborn-keepsake/,Derived product type
baby.nursery,baby,L2,Nursery,婴儿房用品,nursery,user_screenshot/manual,,planned,crib sheet; baby monitor,cases/baby/nursery/,Generic examples only
baby.nursery.crib-sheet,baby.nursery,L4,Crib Sheet,,crib-sheet,manual,,placeholder,crib sheet,cases/baby/nursery/crib-sheet/,Derived product type
baby.nursery.baby-monitor,baby.nursery,L4,Baby Monitor,,baby-monitor,manual,,placeholder,baby monitor,cases/baby/nursery/baby-monitor/,Derived product type
baby.potty-training,baby,L2,Potty Training,如厕训练,potty-training,user_screenshot/manual,,planned,training potty; potty seat,cases/baby/potty-training/,Generic examples only
baby.potty-training.training-potty,baby.potty-training,L4,Training Potty,,training-potty,manual,,placeholder,training potty,cases/baby/potty-training/training-potty/,Derived product type
baby.potty-training.potty-seat,baby.potty-training,L4,Potty Seat,,potty-seat,manual,,placeholder,potty seat,cases/baby/potty-training/potty-seat/,Derived product type
baby.safety,baby,L2,Safety,婴儿安全用品,safety,user_screenshot/manual,,planned,cabinet locks; corner protectors,cases/baby/safety/,Generic examples only
baby.safety.cabinet-locks,baby.safety,L4,Cabinet Locks,,cabinet-locks,manual,,placeholder,cabinet locks,cases/baby/safety/cabinet-locks/,Derived product type
baby.safety.corner-protectors,baby.safety,L4,Corner Protectors,,corner-protectors,manual,,placeholder,corner protectors,cases/baby/safety/corner-protectors/,Derived product type
baby.strollers,baby,L2,Strollers,婴儿推车,strollers,user_screenshot/manual,,planned,lightweight stroller; stroller organizer,cases/baby/strollers/,Generic examples only
baby.strollers.lightweight-stroller,baby.strollers,L4,Lightweight Stroller,,lightweight-stroller,manual,,placeholder,lightweight stroller,cases/baby/strollers/lightweight-stroller/,Derived product type
baby.strollers.stroller-organizer,baby.strollers,L4,Stroller Organizer,,stroller-organizer,manual,,placeholder,stroller organizer,cases/baby/strollers/stroller-organizer/,Derived product type
baby.travel-gear,baby,L2,Travel Gear,婴儿旅行用品,travel-gear,user_screenshot/manual,,planned,diaper bag; portable changing pad,cases/baby/travel-gear/,Generic examples only
baby.travel-gear.diaper-bag,baby.travel-gear,L4,Diaper Bag,,diaper-bag,manual,,placeholder,diaper bag,cases/baby/travel-gear/diaper-bag/,Derived product type
baby.travel-gear.portable-changing-pad,baby.travel-gear,L4,Portable Changing Pad,,portable-changing-pad,manual,,placeholder,portable changing pad,cases/baby/travel-gear/portable-changing-pad/,Derived product type
camera-and-photo-products,amazon-best-sellers,L1,Camera & Photo Products,相机与摄影产品,camera-and-photo-products,user_screenshot/manual,,in_progress,camera cleaning kit; camera bag; compact binoculars; portable camcorder; DSLR camera body,cases/camera-and-photo-products/,Public generic taxonomy
camera-and-photo-products.accessories,camera-and-photo-products,L2,Accessories,摄影配件,accessories,user_screenshot/manual,,planned,camera cleaning kit; tripod adapter,cases/camera-and-photo-products/accessories/,Generic examples only
camera-and-photo-products.accessories.camera-cleaning-kit,camera-and-photo-products.accessories,L4,Camera Cleaning Kit,,camera-cleaning-kit,manual,,placeholder,camera cleaning kit,cases/camera-and-photo-products/accessories/camera-cleaning-kit/,Derived product type
camera-and-photo-products.accessories.tripod-adapter,camera-and-photo-products.accessories,L4,Tripod Adapter,,tripod-adapter,manual,,placeholder,tripod adapter,cases/camera-and-photo-products/accessories/tripod-adapter/,Derived product type
camera-and-photo-products.bags-and-cases,camera-and-photo-products,L2,Bags & Cases,摄影包与保护盒,bags-and-cases,user_screenshot/manual,,planned,camera bag; lens case,cases/camera-and-photo-products/bags-and-cases/,Generic examples only
camera-and-photo-products.bags-and-cases.camera-bag,camera-and-photo-products.bags-and-cases,L4,Camera Bag,,camera-bag,manual,,placeholder,camera bag,cases/camera-and-photo-products/bags-and-cases/camera-bag/,Derived product type
camera-and-photo-products.bags-and-cases.lens-case,camera-and-photo-products.bags-and-cases,L4,Lens Case,,lens-case,manual,,placeholder,lens case,cases/camera-and-photo-products/bags-and-cases/lens-case/,Derived product type
camera-and-photo-products.binoculars-and-scopes,camera-and-photo-products,L2,Binoculars & Scopes,双筒望远镜与观测镜,binoculars-and-scopes,user_screenshot/manual,,planned,compact binoculars; spotting scope,cases/camera-and-photo-products/binoculars-and-scopes/,Generic examples only
camera-and-photo-products.binoculars-and-scopes.compact-binoculars,camera-and-photo-products.binoculars-and-scopes,L4,Compact Binoculars,,compact-binoculars,manual,,placeholder,compact binoculars,cases/camera-and-photo-products/binoculars-and-scopes/compact-binoculars/,Derived product type
camera-and-photo-products.binoculars-and-scopes.spotting-scope,camera-and-photo-products.binoculars-and-scopes,L4,Spotting Scope,,spotting-scope,manual,,placeholder,spotting scope,cases/camera-and-photo-products/binoculars-and-scopes/spotting-scope/,Derived product type
camera-and-photo-products.camcorders,camera-and-photo-products,L2,Camcorders,摄像机,camcorders,user_screenshot/manual,,planned,portable camcorder; video camera,cases/camera-and-photo-products/camcorders/,Generic examples only
camera-and-photo-products.camcorders.portable-camcorder,camera-and-photo-products.camcorders,L4,Portable Camcorder,,portable-camcorder,manual,,placeholder,portable camcorder,cases/camera-and-photo-products/camcorders/portable-camcorder/,Derived product type
camera-and-photo-products.camcorders.video-camera,camera-and-photo-products.camcorders,L4,Video Camera,,video-camera,manual,,placeholder,video camera,cases/camera-and-photo-products/camcorders/video-camera/,Derived product type
camera-and-photo-products.dslr-cameras,camera-and-photo-products,L2,DSLR Cameras,单反相机,dslr-cameras,user_screenshot/manual,,planned,DSLR camera body; DSLR kit,cases/camera-and-photo-products/dslr-cameras/,Generic examples only
camera-and-photo-products.dslr-cameras.dslr-camera-body,camera-and-photo-products.dslr-cameras,L4,Dslr Camera Body,,dslr-camera-body,manual,,placeholder,DSLR camera body,cases/camera-and-photo-products/dslr-cameras/dslr-camera-body/,Derived product type
camera-and-photo-products.dslr-cameras.dslr-kit,camera-and-photo-products.dslr-cameras,L4,Dslr Kit,,dslr-kit,manual,,placeholder,DSLR kit,cases/camera-and-photo-products/dslr-cameras/dslr-kit/,Derived product type
camera-and-photo-products.digital-picture-frames,camera-and-photo-products,L2,Digital Picture Frames,数码相框,digital-picture-frames,user_screenshot/manual,,planned,digital photo frame; WiFi picture frame,cases/camera-and-photo-products/digital-picture-frames/,Generic examples only
camera-and-photo-products.digital-picture-frames.digital-photo-frame,camera-and-photo-products.digital-picture-frames,L4,Digital Photo Frame,,digital-photo-frame,manual,,placeholder,digital photo frame,cases/camera-and-photo-products/digital-picture-frames/digital-photo-frame/,Derived product type
camera-and-photo-products.digital-picture-frames.wifi-picture-frame,camera-and-photo-products.digital-picture-frames,L4,Wifi Picture Frame,,wifi-picture-frame,manual,,placeholder,WiFi picture frame,cases/camera-and-photo-products/digital-picture-frames/wifi-picture-frame/,Derived product type
camera-and-photo-products.lenses,camera-and-photo-products,L2,Lenses,镜头,lenses,user_screenshot/manual,,planned,camera lens; macro lens,cases/camera-and-photo-products/lenses/,Generic examples only
camera-and-photo-products.lenses.camera-lens,camera-and-photo-products.lenses,L4,Camera Lens,,camera-lens,manual,,placeholder,camera lens,cases/camera-and-photo-products/lenses/camera-lens/,Derived product type
camera-and-photo-products.lenses.macro-lens,camera-and-photo-products.lenses,L4,Macro Lens,,macro-lens,manual,,placeholder,macro lens,cases/camera-and-photo-products/lenses/macro-lens/,Derived product type
camera-and-photo-products.point-and-shoot-digital-cameras,camera-and-photo-products,L2,Point & Shoot Digital Cameras,便携数码相机,point-and-shoot-digital-cameras,user_screenshot/manual,,planned,compact camera; kids camera,cases/camera-and-photo-products/point-and-shoot-digital-cameras/,Generic examples only
camera-and-photo-products.point-and-shoot-digital-cameras.compact-camera,camera-and-photo-products.point-and-shoot-digital-cameras,L4,Compact Camera,,compact-camera,manual,,placeholder,compact camera,cases/camera-and-photo-products/point-and-shoot-digital-cameras/compact-camera/,Derived product type
camera-and-photo-products.point-and-shoot-digital-cameras.kids-camera,camera-and-photo-products.point-and-shoot-digital-cameras,L4,Kids Camera,,kids-camera,manual,,placeholder,kids camera,cases/camera-and-photo-products/point-and-shoot-digital-cameras/kids-camera/,Derived product type
camera-and-photo-products.surveillance-cameras,camera-and-photo-products,L2,Surveillance Cameras,监控摄像头,surveillance-cameras,user_screenshot/manual,,planned,security camera; outdoor camera,cases/camera-and-photo-products/surveillance-cameras/,Generic examples only
camera-and-photo-products.surveillance-cameras.security-camera,camera-and-photo-products.surveillance-cameras,L4,Security Camera,,security-camera,manual,,placeholder,security camera,cases/camera-and-photo-products/surveillance-cameras/security-camera/,Derived product type
camera-and-photo-products.surveillance-cameras.outdoor-camera,camera-and-photo-products.surveillance-cameras,L4,Outdoor Camera,,outdoor-camera,manual,,placeholder,outdoor camera,cases/camera-and-photo-products/surveillance-cameras/outdoor-camera/,Derived product type
cell-phones-and-accessories,amazon-best-sellers,L1,Cell Phones & Accessories,手机与配件,cell-phones-and-accessories,user_screenshot/manual,,in_progress,screen protector; magnetic phone case; smartphone; prepaid SIM card,cases/cell-phones-and-accessories/,Public generic taxonomy
cell-phones-and-accessories.accessories,cell-phones-and-accessories,L2,Accessories,手机配件,accessories,user_screenshot/manual,,planned,screen protector; phone charger; charging cable,cases/cell-phones-and-accessories/accessories/,Generic examples only
cell-phones-and-accessories.accessories.screen-protector,cell-phones-and-accessories.accessories,L4,Screen Protector,,screen-protector,manual,,placeholder,screen protector,cases/cell-phones-and-accessories/accessories/screen-protector/,Derived product type
cell-phones-and-accessories.accessories.phone-charger,cell-phones-and-accessories.accessories,L4,Phone Charger,,phone-charger,manual,,placeholder,phone charger,cases/cell-phones-and-accessories/accessories/phone-charger/,Derived product type
cell-phones-and-accessories.accessories.charging-cable,cell-phones-and-accessories.accessories,L4,Charging Cable,,charging-cable,manual,,placeholder,charging cable,cases/cell-phones-and-accessories/accessories/charging-cable/,Derived product type
cell-phones-and-accessories.cases-holsters-and-clips,cell-phones-and-accessories,L2,"Cases, Holsters & Clips",手机壳、挂夹与保护套,cases-holsters-and-clips,user_screenshot/manual,,planned,magnetic phone case; clear phone case,cases/cell-phones-and-accessories/cases-holsters-and-clips/,Generic examples only
cell-phones-and-accessories.cases-holsters-and-clips.magnetic-phone-case,cell-phones-and-accessories.cases-holsters-and-clips,L4,Magnetic Phone Case,,magnetic-phone-case,manual,,placeholder,magnetic phone case,cases/cell-phones-and-accessories/cases-holsters-and-clips/magnetic-phone-case/,Derived product type
cell-phones-and-accessories.cases-holsters-and-clips.clear-phone-case,cell-phones-and-accessories.cases-holsters-and-clips,L4,Clear Phone Case,,clear-phone-case,manual,,placeholder,clear phone case,cases/cell-phones-and-accessories/cases-holsters-and-clips/clear-phone-case/,Derived product type
cell-phones-and-accessories.cell-phones,cell-phones-and-accessories,L2,Cell Phones,手机,cell-phones,user_screenshot/manual,,planned,smartphone; unlocked phone,cases/cell-phones-and-accessories/cell-phones/,Generic examples only
cell-phones-and-accessories.cell-phones.smartphone,cell-phones-and-accessories.cell-phones,L4,Smartphone,,smartphone,manual,,placeholder,smartphone,cases/cell-phones-and-accessories/cell-phones/smartphone/,Derived product type
cell-phones-and-accessories.cell-phones.unlocked-phone,cell-phones-and-accessories.cell-phones,L4,Unlocked Phone,,unlocked-phone,manual,,placeholder,unlocked phone,cases/cell-phones-and-accessories/cell-phones/unlocked-phone/,Derived product type
cell-phones-and-accessories.sim-cards-and-prepaid-minutes,cell-phones-and-accessories,L2,SIM Cards & Prepaid Minutes,SIM 卡与预付费套餐,sim-cards-and-prepaid-minutes,user_screenshot/manual,,planned,prepaid SIM card; travel SIM card,cases/cell-phones-and-accessories/sim-cards-and-prepaid-minutes/,Generic examples only
cell-phones-and-accessories.sim-cards-and-prepaid-minutes.prepaid-sim-card,cell-phones-and-accessories.sim-cards-and-prepaid-minutes,L4,Prepaid Sim Card,,prepaid-sim-card,manual,,placeholder,prepaid SIM card,cases/cell-phones-and-accessories/sim-cards-and-prepaid-minutes/prepaid-sim-card/,Derived product type
cell-phones-and-accessories.sim-cards-and-prepaid-minutes.travel-sim-card,cell-phones-and-accessories.sim-cards-and-prepaid-minutes,L4,Travel Sim Card,,travel-sim-card,manual,,placeholder,travel SIM card,cases/cell-phones-and-accessories/sim-cards-and-prepaid-minutes/travel-sim-card/,Derived product type
clothing-shoes-and-jewelry,amazon-best-sellers,L1,"Clothing, Shoes & Jewelry",服装、鞋靴与珠宝,clothing-shoes-and-jewelry,user_screenshot/manual,,in_progress,baby bodysuit; boys t-shirt; costume accessory; girls dress; travel bag,cases/clothing-shoes-and-jewelry/,Public generic taxonomy
clothing-shoes-and-jewelry.baby,clothing-shoes-and-jewelry,L2,Baby,婴幼儿服饰,baby,user_screenshot/manual,,planned,baby bodysuit; baby socks,cases/clothing-shoes-and-jewelry/baby/,Generic examples only
clothing-shoes-and-jewelry.baby.baby-bodysuit,clothing-shoes-and-jewelry.baby,L4,Baby Bodysuit,,baby-bodysuit,manual,,placeholder,baby bodysuit,cases/clothing-shoes-and-jewelry/baby/baby-bodysuit/,Derived product type
clothing-shoes-and-jewelry.baby.baby-socks,clothing-shoes-and-jewelry.baby,L4,Baby Socks,,baby-socks,manual,,placeholder,baby socks,cases/clothing-shoes-and-jewelry/baby/baby-socks/,Derived product type
clothing-shoes-and-jewelry.boys,clothing-shoes-and-jewelry,L2,Boys,男童服饰,boys,user_screenshot/manual,,planned,boys t-shirt; boys shoes,cases/clothing-shoes-and-jewelry/boys/,Generic examples only
clothing-shoes-and-jewelry.boys.boys-t-shirt,clothing-shoes-and-jewelry.boys,L4,Boys T-Shirt,,boys-t-shirt,manual,,placeholder,boys t-shirt,cases/clothing-shoes-and-jewelry/boys/boys-t-shirt/,Derived product type
clothing-shoes-and-jewelry.boys.boys-shoes,clothing-shoes-and-jewelry.boys,L4,Boys Shoes,,boys-shoes,manual,,placeholder,boys shoes,cases/clothing-shoes-and-jewelry/boys/boys-shoes/,Derived product type
clothing-shoes-and-jewelry.costumes-and-accessories,clothing-shoes-and-jewelry,L2,Costumes & Accessories,服装道具与配件,costumes-and-accessories,user_screenshot/manual,,planned,costume accessory; party costume,cases/clothing-shoes-and-jewelry/costumes-and-accessories/,Generic examples only
clothing-shoes-and-jewelry.costumes-and-accessories.costume-accessory,clothing-shoes-and-jewelry.costumes-and-accessories,L4,Costume Accessory,,costume-accessory,manual,,placeholder,costume accessory,cases/clothing-shoes-and-jewelry/costumes-and-accessories/costume-accessory/,Derived product type
clothing-shoes-and-jewelry.costumes-and-accessories.party-costume,clothing-shoes-and-jewelry.costumes-and-accessories,L4,Party Costume,,party-costume,manual,,placeholder,party costume,cases/clothing-shoes-and-jewelry/costumes-and-accessories/party-costume/,Derived product type
clothing-shoes-and-jewelry.girls,clothing-shoes-and-jewelry,L2,Girls,女童服饰,girls,user_screenshot/manual,,planned,girls dress; girls shoes,cases/clothing-shoes-and-jewelry/girls/,Generic examples only
clothing-shoes-and-jewelry.girls.girls-dress,clothing-shoes-and-jewelry.girls,L4,Girls Dress,,girls-dress,manual,,placeholder,girls dress,cases/clothing-shoes-and-jewelry/girls/girls-dress/,Derived product type
clothing-shoes-and-jewelry.girls.girls-shoes,clothing-shoes-and-jewelry.girls,L4,Girls Shoes,,girls-shoes,manual,,placeholder,girls shoes,cases/clothing-shoes-and-jewelry/girls/girls-shoes/,Derived product type
clothing-shoes-and-jewelry.luggage-and-travel-gear,clothing-shoes-and-jewelry,L2,Luggage & Travel Gear,箱包与旅行装备,luggage-and-travel-gear,user_screenshot/manual,,planned,travel bag; packing cubes,cases/clothing-shoes-and-jewelry/luggage-and-travel-gear/,Generic examples only
clothing-shoes-and-jewelry.luggage-and-travel-gear.travel-bag,clothing-shoes-and-jewelry.luggage-and-travel-gear,L4,Travel Bag,,travel-bag,manual,,placeholder,travel bag,cases/clothing-shoes-and-jewelry/luggage-and-travel-gear/travel-bag/,Derived product type
clothing-shoes-and-jewelry.luggage-and-travel-gear.packing-cubes,clothing-shoes-and-jewelry.luggage-and-travel-gear,L4,Packing Cubes,,packing-cubes,manual,,placeholder,packing cubes,cases/clothing-shoes-and-jewelry/luggage-and-travel-gear/packing-cubes/,Derived product type
clothing-shoes-and-jewelry.men,clothing-shoes-and-jewelry,L2,Men,男装,men,user_screenshot/manual,,planned,men's t-shirt; men's boxer briefs,cases/clothing-shoes-and-jewelry/men/,Generic examples only
clothing-shoes-and-jewelry.men.mens-t-shirt,clothing-shoes-and-jewelry.men,L4,Men'S T-Shirt,,mens-t-shirt,manual,,placeholder,men's t-shirt,cases/clothing-shoes-and-jewelry/men/mens-t-shirt/,Derived product type
clothing-shoes-and-jewelry.men.mens-boxer-briefs,clothing-shoes-and-jewelry.men,L4,Men'S Boxer Briefs,,mens-boxer-briefs,manual,,placeholder,men's boxer briefs,cases/clothing-shoes-and-jewelry/men/mens-boxer-briefs/,Derived product type
clothing-shoes-and-jewelry.novelty-and-more,clothing-shoes-and-jewelry,L2,Novelty & More,趣味服饰与其他,novelty-and-more,user_screenshot/manual,,planned,novelty shirt; themed socks,cases/clothing-shoes-and-jewelry/novelty-and-more/,Generic examples only
clothing-shoes-and-jewelry.novelty-and-more.novelty-shirt,clothing-shoes-and-jewelry.novelty-and-more,L4,Novelty Shirt,,novelty-shirt,manual,,placeholder,novelty shirt,cases/clothing-shoes-and-jewelry/novelty-and-more/novelty-shirt/,Derived product type
clothing-shoes-and-jewelry.novelty-and-more.themed-socks,clothing-shoes-and-jewelry.novelty-and-more,L4,Themed Socks,,themed-socks,manual,,placeholder,themed socks,cases/clothing-shoes-and-jewelry/novelty-and-more/themed-socks/,Derived product type
clothing-shoes-and-jewelry.shoe-jewelry-and-watch-accessories,clothing-shoes-and-jewelry,L2,"Shoe, Jewelry & Watch Accessories",鞋、珠宝与手表配件,shoe-jewelry-and-watch-accessories,user_screenshot/manual,,planned,jewelry case; watch band,cases/clothing-shoes-and-jewelry/shoe-jewelry-and-watch-accessories/,Generic examples only
clothing-shoes-and-jewelry.shoe-jewelry-and-watch-accessories.jewelry-case,clothing-shoes-and-jewelry.shoe-jewelry-and-watch-accessories,L4,Jewelry Case,,jewelry-case,manual,,placeholder,jewelry case,cases/clothing-shoes-and-jewelry/shoe-jewelry-and-watch-accessories/jewelry-case/,Derived product type
clothing-shoes-and-jewelry.shoe-jewelry-and-watch-accessories.watch-band,clothing-shoes-and-jewelry.shoe-jewelry-and-watch-accessories,L4,Watch Band,,watch-band,manual,,placeholder,watch band,cases/clothing-shoes-and-jewelry/shoe-jewelry-and-watch-accessories/watch-band/,Derived product type
clothing-shoes-and-jewelry.sport-specific-clothing,clothing-shoes-and-jewelry,L2,Sport Specific Clothing,运动专项服饰,sport-specific-clothing,user_screenshot/manual,,planned,water shoes; compression shorts,cases/clothing-shoes-and-jewelry/sport-specific-clothing/,Generic examples only
clothing-shoes-and-jewelry.sport-specific-clothing.water-shoes,clothing-shoes-and-jewelry.sport-specific-clothing,L4,Water Shoes,,water-shoes,manual,,placeholder,water shoes,cases/clothing-shoes-and-jewelry/sport-specific-clothing/water-shoes/,Derived product type
clothing-shoes-and-jewelry.sport-specific-clothing.compression-shorts,clothing-shoes-and-jewelry.sport-specific-clothing,L4,Compression Shorts,,compression-shorts,manual,,placeholder,compression shorts,cases/clothing-shoes-and-jewelry/sport-specific-clothing/compression-shorts/,Derived product type
clothing-shoes-and-jewelry.uniforms-work-and-safety,clothing-shoes-and-jewelry,L2,"Uniforms, Work & Safety",制服、工装与安全服饰,uniforms-work-and-safety,user_screenshot/manual,,planned,work pants; safety vest,cases/clothing-shoes-and-jewelry/uniforms-work-and-safety/,Generic examples only
clothing-shoes-and-jewelry.uniforms-work-and-safety.work-pants,clothing-shoes-and-jewelry.uniforms-work-and-safety,L4,Work Pants,,work-pants,manual,,placeholder,work pants,cases/clothing-shoes-and-jewelry/uniforms-work-and-safety/work-pants/,Derived product type
clothing-shoes-and-jewelry.uniforms-work-and-safety.safety-vest,clothing-shoes-and-jewelry.uniforms-work-and-safety,L4,Safety Vest,,safety-vest,manual,,placeholder,safety vest,cases/clothing-shoes-and-jewelry/uniforms-work-and-safety/safety-vest/,Derived product type
clothing-shoes-and-jewelry.women,clothing-shoes-and-jewelry,L2,Women,女装,women,user_screenshot/manual,,planned,women's lounge pants; women's bra,cases/clothing-shoes-and-jewelry/women/,Generic examples only
clothing-shoes-and-jewelry.women.womens-lounge-pants,clothing-shoes-and-jewelry.women,L4,Women'S Lounge Pants,,womens-lounge-pants,manual,,placeholder,women's lounge pants,cases/clothing-shoes-and-jewelry/women/womens-lounge-pants/,Derived product type
clothing-shoes-and-jewelry.women.womens-bra,clothing-shoes-and-jewelry.women,L4,Women'S Bra,,womens-bra,manual,,placeholder,women's bra,cases/clothing-shoes-and-jewelry/women/womens-bra/,Derived product type
computers-and-accessories,amazon-best-sellers,L1,Computers & Accessories,电脑与配件,computers-and-accessories,user_screenshot/manual,,in_progress,USB hub; RAM module; external SSD; desktop computer; docking station,cases/computers-and-accessories/,Public generic taxonomy
computers-and-accessories.computer-accessories-and-peripherals,computers-and-accessories,L2,Computer Accessories & Peripherals,电脑配件与外设,computer-accessories-and-peripherals,user_screenshot/manual,,planned,USB hub; keyboard; mouse,cases/computers-and-accessories/computer-accessories-and-peripherals/,Generic examples only
computers-and-accessories.computer-accessories-and-peripherals.usb-hub,computers-and-accessories.computer-accessories-and-peripherals,L4,Usb Hub,,usb-hub,manual,,placeholder,USB hub,cases/computers-and-accessories/computer-accessories-and-peripherals/usb-hub/,Derived product type
computers-and-accessories.computer-accessories-and-peripherals.keyboard,computers-and-accessories.computer-accessories-and-peripherals,L4,Keyboard,,keyboard,manual,,placeholder,keyboard,cases/computers-and-accessories/computer-accessories-and-peripherals/keyboard/,Derived product type
computers-and-accessories.computer-accessories-and-peripherals.mouse,computers-and-accessories.computer-accessories-and-peripherals,L4,Mouse,,mouse,manual,,placeholder,mouse,cases/computers-and-accessories/computer-accessories-and-peripherals/mouse/,Derived product type
computers-and-accessories.computer-components,computers-and-accessories,L2,Computer Components,电脑组件,computer-components,user_screenshot/manual,,planned,RAM module; SSD,cases/computers-and-accessories/computer-components/,Generic examples only
computers-and-accessories.computer-components.ram-module,computers-and-accessories.computer-components,L4,Ram Module,,ram-module,manual,,placeholder,RAM module,cases/computers-and-accessories/computer-components/ram-module/,Derived product type
computers-and-accessories.computer-components.ssd,computers-and-accessories.computer-components,L4,Ssd,,ssd,manual,,placeholder,SSD,cases/computers-and-accessories/computer-components/ssd/,Derived product type
computers-and-accessories.data-storage,computers-and-accessories,L2,Data Storage,数据存储,data-storage,user_screenshot/manual,,planned,external SSD; USB flash drive,cases/computers-and-accessories/data-storage/,Generic examples only
computers-and-accessories.data-storage.external-ssd,computers-and-accessories.data-storage,L4,External Ssd,,external-ssd,manual,,placeholder,external SSD,cases/computers-and-accessories/data-storage/external-ssd/,Derived product type
computers-and-accessories.data-storage.usb-flash-drive,computers-and-accessories.data-storage,L4,Usb Flash Drive,,usb-flash-drive,manual,,placeholder,USB flash drive,cases/computers-and-accessories/data-storage/usb-flash-drive/,Derived product type
computers-and-accessories.desktops,computers-and-accessories,L2,Desktops,台式电脑,desktops,user_screenshot/manual,,planned,desktop computer; mini PC,cases/computers-and-accessories/desktops/,Generic examples only
computers-and-accessories.desktops.desktop-computer,computers-and-accessories.desktops,L4,Desktop Computer,,desktop-computer,manual,,placeholder,desktop computer,cases/computers-and-accessories/desktops/desktop-computer/,Derived product type
computers-and-accessories.desktops.mini-pc,computers-and-accessories.desktops,L4,Mini Pc,,mini-pc,manual,,placeholder,mini PC,cases/computers-and-accessories/desktops/mini-pc/,Derived product type
computers-and-accessories.external-components,computers-and-accessories,L2,External Components,外部组件,external-components,user_screenshot/manual,,planned,docking station; external drive enclosure,cases/computers-and-accessories/external-components/,Generic examples only
computers-and-accessories.external-components.docking-station,computers-and-accessories.external-components,L4,Docking Station,,docking-station,manual,,placeholder,docking station,cases/computers-and-accessories/external-components/docking-station/,Derived product type
computers-and-accessories.external-components.external-drive-enclosure,computers-and-accessories.external-components,L4,External Drive Enclosure,,external-drive-enclosure,manual,,placeholder,external drive enclosure,cases/computers-and-accessories/external-components/external-drive-enclosure/,Derived product type
computers-and-accessories.laptop-accessories,computers-and-accessories,L2,Laptop Accessories,笔记本电脑配件,laptop-accessories,user_screenshot/manual,,planned,laptop charger; privacy screen,cases/computers-and-accessories/laptop-accessories/,Generic examples only
computers-and-accessories.laptop-accessories.laptop-charger,computers-and-accessories.laptop-accessories,L4,Laptop Charger,,laptop-charger,manual,,placeholder,laptop charger,cases/computers-and-accessories/laptop-accessories/laptop-charger/,Derived product type
computers-and-accessories.laptop-accessories.privacy-screen,computers-and-accessories.laptop-accessories,L4,Privacy Screen,,privacy-screen,manual,,placeholder,privacy screen,cases/computers-and-accessories/laptop-accessories/privacy-screen/,Derived product type
computers-and-accessories.laptops,computers-and-accessories,L2,Laptops,笔记本电脑,laptops,user_screenshot/manual,,planned,laptop; thin laptop,cases/computers-and-accessories/laptops/,Generic examples only
computers-and-accessories.laptops.laptop,computers-and-accessories.laptops,L4,Laptop,,laptop,manual,,placeholder,laptop,cases/computers-and-accessories/laptops/laptop/,Derived product type
computers-and-accessories.laptops.thin-laptop,computers-and-accessories.laptops,L4,Thin Laptop,,thin-laptop,manual,,placeholder,thin laptop,cases/computers-and-accessories/laptops/thin-laptop/,Derived product type
computers-and-accessories.monitors,computers-and-accessories,L2,Monitors,显示器,monitors,user_screenshot/manual,,planned,computer monitor; portable monitor,cases/computers-and-accessories/monitors/,Generic examples only
computers-and-accessories.monitors.computer-monitor,computers-and-accessories.monitors,L4,Computer Monitor,,computer-monitor,manual,,placeholder,computer monitor,cases/computers-and-accessories/monitors/computer-monitor/,Derived product type
computers-and-accessories.monitors.portable-monitor,computers-and-accessories.monitors,L4,Portable Monitor,,portable-monitor,manual,,placeholder,portable monitor,cases/computers-and-accessories/monitors/portable-monitor/,Derived product type
computers-and-accessories.networking-products,computers-and-accessories,L2,Networking Products,网络产品,networking-products,user_screenshot/manual,,planned,mesh WiFi system; router,cases/computers-and-accessories/networking-products/,Generic examples only
computers-and-accessories.networking-products.mesh-wifi-system,computers-and-accessories.networking-products,L4,Mesh Wifi System,,mesh-wifi-system,manual,,placeholder,mesh WiFi system,cases/computers-and-accessories/networking-products/mesh-wifi-system/,Derived product type
computers-and-accessories.networking-products.router,computers-and-accessories.networking-products,L4,Router,,router,manual,,placeholder,router,cases/computers-and-accessories/networking-products/router/,Derived product type
computers-and-accessories.printers,computers-and-accessories,L2,Printers,打印机,printers,user_screenshot/manual,,planned,inkjet printer; label printer,cases/computers-and-accessories/printers/,Generic examples only
computers-and-accessories.printers.inkjet-printer,computers-and-accessories.printers,L4,Inkjet Printer,,inkjet-printer,manual,,placeholder,inkjet printer,cases/computers-and-accessories/printers/inkjet-printer/,Derived product type
computers-and-accessories.printers.label-printer,computers-and-accessories.printers,L4,Label Printer,,label-printer,manual,,placeholder,label printer,cases/computers-and-accessories/printers/label-printer/,Derived product type
computers-and-accessories.routers,computers-and-accessories,L2,Routers,路由器,routers,user_screenshot/manual,,planned,WiFi router; travel router,cases/computers-and-accessories/routers/,Generic examples only
computers-and-accessories.routers.wifi-router,computers-and-accessories.routers,L4,Wifi Router,,wifi-router,manual,,placeholder,WiFi router,cases/computers-and-accessories/routers/wifi-router/,Derived product type
computers-and-accessories.routers.travel-router,computers-and-accessories.routers,L4,Travel Router,,travel-router,manual,,placeholder,travel router,cases/computers-and-accessories/routers/travel-router/,Derived product type
computers-and-accessories.scanners,computers-and-accessories,L2,Scanners,扫描仪,scanners,user_screenshot/manual,,planned,document scanner; barcode scanner,cases/computers-and-accessories/scanners/,Generic examples only
computers-and-accessories.scanners.document-scanner,computers-and-accessories.scanners,L4,Document Scanner,,document-scanner,manual,,placeholder,document scanner,cases/computers-and-accessories/scanners/document-scanner/,Derived product type
computers-and-accessories.scanners.barcode-scanner,computers-and-accessories.scanners,L4,Barcode Scanner,,barcode-scanner,manual,,placeholder,barcode scanner,cases/computers-and-accessories/scanners/barcode-scanner/,Derived product type
computers-and-accessories.servers,computers-and-accessories,L2,Servers,服务器,servers,user_screenshot/manual,,planned,mini server; NAS server,cases/computers-and-accessories/servers/,Generic examples only
computers-and-accessories.servers.mini-server,computers-and-accessories.servers,L4,Mini Server,,mini-server,manual,,placeholder,mini server,cases/computers-and-accessories/servers/mini-server/,Derived product type
computers-and-accessories.servers.nas-server,computers-and-accessories.servers,L4,Nas Server,,nas-server,manual,,placeholder,NAS server,cases/computers-and-accessories/servers/nas-server/,Derived product type
computers-and-accessories.tablet-accessories,computers-and-accessories,L2,Tablet Accessories,平板配件,tablet-accessories,user_screenshot/manual,,planned,tablet case; stylus pen,cases/computers-and-accessories/tablet-accessories/,Generic examples only
computers-and-accessories.tablet-accessories.tablet-case,computers-and-accessories.tablet-accessories,L4,Tablet Case,,tablet-case,manual,,placeholder,tablet case,cases/computers-and-accessories/tablet-accessories/tablet-case/,Derived product type
computers-and-accessories.tablet-accessories.stylus-pen,computers-and-accessories.tablet-accessories,L4,Stylus Pen,,stylus-pen,manual,,placeholder,stylus pen,cases/computers-and-accessories/tablet-accessories/stylus-pen/,Derived product type
computers-and-accessories.tablets,computers-and-accessories,L2,Tablets,平板电脑,tablets,user_screenshot/manual,,planned,kids tablet; Android tablet,cases/computers-and-accessories/tablets/,Generic examples only
computers-and-accessories.tablets.kids-tablet,computers-and-accessories.tablets,L4,Kids Tablet,,kids-tablet,manual,,placeholder,kids tablet,cases/computers-and-accessories/tablets/kids-tablet/,Derived product type
computers-and-accessories.tablets.android-tablet,computers-and-accessories.tablets,L4,Android Tablet,,android-tablet,manual,,placeholder,Android tablet,cases/computers-and-accessories/tablets/android-tablet/,Derived product type
computers-and-accessories.warranties-and-services,computers-and-accessories,L2,Warranties & Services,保修与服务,warranties-and-services,user_screenshot/manual,,planned,service plan concept; warranty card,cases/computers-and-accessories/warranties-and-services/,Generic examples only
computers-and-accessories.warranties-and-services.service-plan-concept,computers-and-accessories.warranties-and-services,L4,Service Plan Concept,,service-plan-concept,manual,,placeholder,service plan concept,cases/computers-and-accessories/warranties-and-services/service-plan-concept/,Derived product type
computers-and-accessories.warranties-and-services.warranty-card,computers-and-accessories.warranties-and-services,L4,Warranty Card,,warranty-card,manual,,placeholder,warranty card,cases/computers-and-accessories/warranties-and-services/warranty-card/,Derived product type
electronics,amazon-best-sellers,L1,Electronics,电子产品,electronics,user_screenshot/manual,,in_progress,power strip; security camera; dash cam; wireless earbuds; USB hub,cases/electronics/,Public generic taxonomy
electronics.accessories-and-supplies,electronics,L2,Accessories & Supplies,配件与耗材,accessories-and-supplies,user_screenshot/manual,,planned,power strip; charging cable,cases/electronics/accessories-and-supplies/,Generic examples only
electronics.accessories-and-supplies.power-strip,electronics.accessories-and-supplies,L4,Power Strip,,power-strip,manual,,placeholder,power strip,cases/electronics/accessories-and-supplies/power-strip/,Derived product type
electronics.accessories-and-supplies.charging-cable,electronics.accessories-and-supplies,L4,Charging Cable,,charging-cable,manual,,placeholder,charging cable,cases/electronics/accessories-and-supplies/charging-cable/,Derived product type
electronics.camera-and-photo,electronics,L2,Camera & Photo,相机与摄影,camera-and-photo,user_screenshot/manual,,planned,security camera; binoculars,cases/electronics/camera-and-photo/,Generic examples only
electronics.camera-and-photo.security-camera,electronics.camera-and-photo,L4,Security Camera,,security-camera,manual,,placeholder,security camera,cases/electronics/camera-and-photo/security-camera/,Derived product type
electronics.camera-and-photo.binoculars,electronics.camera-and-photo,L4,Binoculars,,binoculars,manual,,placeholder,binoculars,cases/electronics/camera-and-photo/binoculars/,Derived product type
electronics.car-electronics,electronics,L2,Car Electronics,车载电子,car-electronics,user_screenshot/manual,,planned,dash cam; car charger,cases/electronics/car-electronics/,Generic examples only
electronics.car-electronics.dash-cam,electronics.car-electronics,L4,Dash Cam,,dash-cam,manual,,placeholder,dash cam,cases/electronics/car-electronics/dash-cam/,Derived product type
electronics.car-electronics.car-charger,electronics.car-electronics,L4,Car Charger,,car-charger,manual,,placeholder,car charger,cases/electronics/car-electronics/car-charger/,Derived product type
electronics.cell-phones-and-accessories,electronics,L2,Cell Phones & Accessories,手机与配件,cell-phones-and-accessories,user_screenshot/manual,,planned,wireless earbuds; screen protector,cases/electronics/cell-phones-and-accessories/,Generic examples only
electronics.cell-phones-and-accessories.wireless-earbuds,electronics.cell-phones-and-accessories,L4,Wireless Earbuds,,wireless-earbuds,manual,,placeholder,wireless earbuds,cases/electronics/cell-phones-and-accessories/wireless-earbuds/,Derived product type
electronics.cell-phones-and-accessories.screen-protector,electronics.cell-phones-and-accessories,L4,Screen Protector,,screen-protector,manual,,placeholder,screen protector,cases/electronics/cell-phones-and-accessories/screen-protector/,Derived product type
electronics.computers-and-accessories,electronics,L2,Computers & Accessories,电脑与配件,computers-and-accessories,user_screenshot/manual,,planned,USB hub; laptop charger,cases/electronics/computers-and-accessories/,Generic examples only
electronics.computers-and-accessories.usb-hub,electronics.computers-and-accessories,L4,Usb Hub,,usb-hub,manual,,placeholder,USB hub,cases/electronics/computers-and-accessories/usb-hub/,Derived product type
electronics.computers-and-accessories.laptop-charger,electronics.computers-and-accessories,L4,Laptop Charger,,laptop-charger,manual,,placeholder,laptop charger,cases/electronics/computers-and-accessories/laptop-charger/,Derived product type
electronics.gps-and-navigation,electronics,L2,GPS & Navigation,GPS与导航,gps-and-navigation,user_screenshot/manual,,planned,GPS navigator; tracker,cases/electronics/gps-and-navigation/,Generic examples only
electronics.gps-and-navigation.gps-navigator,electronics.gps-and-navigation,L4,Gps Navigator,,gps-navigator,manual,,placeholder,GPS navigator,cases/electronics/gps-and-navigation/gps-navigator/,Derived product type
electronics.gps-and-navigation.tracker,electronics.gps-and-navigation,L4,Tracker,,tracker,manual,,placeholder,tracker,cases/electronics/gps-and-navigation/tracker/,Derived product type
electronics.headphones,electronics,L2,Headphones,耳机,headphones,user_screenshot/manual,,planned,wireless earbuds; over-ear headphones,cases/electronics/headphones/,Generic examples only
electronics.headphones.wireless-earbuds,electronics.headphones,L4,Wireless Earbuds,,wireless-earbuds,manual,,placeholder,wireless earbuds,cases/electronics/headphones/wireless-earbuds/,Derived product type
electronics.headphones.over-ear-headphones,electronics.headphones,L4,Over-Ear Headphones,,over-ear-headphones,manual,,placeholder,over-ear headphones,cases/electronics/headphones/over-ear-headphones/,Derived product type
electronics.home-audio-and-theater,electronics,L2,Home Audio & Theater,家庭音响与影院,home-audio-and-theater,user_screenshot/manual,,planned,soundbar; smart speaker,cases/electronics/home-audio-and-theater/,Generic examples only
electronics.home-audio-and-theater.soundbar,electronics.home-audio-and-theater,L4,Soundbar,,soundbar,manual,,placeholder,soundbar,cases/electronics/home-audio-and-theater/soundbar/,Derived product type
electronics.home-audio-and-theater.smart-speaker,electronics.home-audio-and-theater,L4,Smart Speaker,,smart-speaker,manual,,placeholder,smart speaker,cases/electronics/home-audio-and-theater/smart-speaker/,Derived product type
electronics.marine-electronics,electronics,L2,Marine Electronics,船用电子,marine-electronics,user_screenshot/manual,,planned,fish finder; marine radio,cases/electronics/marine-electronics/,Generic examples only
electronics.marine-electronics.fish-finder,electronics.marine-electronics,L4,Fish Finder,,fish-finder,manual,,placeholder,fish finder,cases/electronics/marine-electronics/fish-finder/,Derived product type
electronics.marine-electronics.marine-radio,electronics.marine-electronics,L4,Marine Radio,,marine-radio,manual,,placeholder,marine radio,cases/electronics/marine-electronics/marine-radio/,Derived product type
electronics.office-electronics,electronics,L2,Office Electronics,办公电子,office-electronics,user_screenshot/manual,,planned,label maker; calculator,cases/electronics/office-electronics/,Generic examples only
electronics.office-electronics.label-maker,electronics.office-electronics,L4,Label Maker,,label-maker,manual,,placeholder,label maker,cases/electronics/office-electronics/label-maker/,Derived product type
electronics.office-electronics.calculator,electronics.office-electronics,L4,Calculator,,calculator,manual,,placeholder,calculator,cases/electronics/office-electronics/calculator/,Derived product type
electronics.portable-audio-and-video,electronics,L2,Portable Audio & Video,便携音视频,portable-audio-and-video,user_screenshot/manual,,planned,tablet; streaming stick,cases/electronics/portable-audio-and-video/,Generic examples only
electronics.portable-audio-and-video.tablet,electronics.portable-audio-and-video,L4,Tablet,,tablet,manual,,placeholder,tablet,cases/electronics/portable-audio-and-video/tablet/,Derived product type
electronics.portable-audio-and-video.streaming-stick,electronics.portable-audio-and-video,L4,Streaming Stick,,streaming-stick,manual,,placeholder,streaming stick,cases/electronics/portable-audio-and-video/streaming-stick/,Derived product type
electronics.security-and-surveillance,electronics,L2,Security & Surveillance,安防监控,security-and-surveillance,user_screenshot/manual,,planned,outdoor camera; video doorbell,cases/electronics/security-and-surveillance/,Generic examples only
electronics.security-and-surveillance.outdoor-camera,electronics.security-and-surveillance,L4,Outdoor Camera,,outdoor-camera,manual,,placeholder,outdoor camera,cases/electronics/security-and-surveillance/outdoor-camera/,Derived product type
electronics.security-and-surveillance.video-doorbell,electronics.security-and-surveillance,L4,Video Doorbell,,video-doorbell,manual,,placeholder,video doorbell,cases/electronics/security-and-surveillance/video-doorbell/,Derived product type
electronics.service-and-replacement-plans,electronics,L2,Service & Replacement Plans,服务与更换计划,service-and-replacement-plans,user_screenshot/manual,,planned,service plan card; warranty insert,cases/electronics/service-and-replacement-plans/,Generic examples only
electronics.service-and-replacement-plans.service-plan-card,electronics.service-and-replacement-plans,L4,Service Plan Card,,service-plan-card,manual,,placeholder,service plan card,cases/electronics/service-and-replacement-plans/service-plan-card/,Derived product type
electronics.service-and-replacement-plans.warranty-insert,electronics.service-and-replacement-plans,L4,Warranty Insert,,warranty-insert,manual,,placeholder,warranty insert,cases/electronics/service-and-replacement-plans/warranty-insert/,Derived product type
electronics.televisions-and-video,electronics,L2,Televisions & Video,电视与视频,televisions-and-video,user_screenshot/manual,,planned,smart TV; TV mount,cases/electronics/televisions-and-video/,Generic examples only
electronics.televisions-and-video.smart-tv,electronics.televisions-and-video,L4,Smart Tv,,smart-tv,manual,,placeholder,smart TV,cases/electronics/televisions-and-video/smart-tv/,Derived product type
electronics.televisions-and-video.tv-mount,electronics.televisions-and-video,L4,Tv Mount,,tv-mount,manual,,placeholder,TV mount,cases/electronics/televisions-and-video/tv-mount/,Derived product type
electronics.video-game-consoles-and-accessories,electronics,L2,Video Game Consoles & Accessories,游戏主机与配件,video-game-consoles-and-accessories,user_screenshot/manual,,planned,controller; gaming headset,cases/electronics/video-game-consoles-and-accessories/,Generic examples only
electronics.video-game-consoles-and-accessories.controller,electronics.video-game-consoles-and-accessories,L4,Controller,,controller,manual,,placeholder,controller,cases/electronics/video-game-consoles-and-accessories/controller/,Derived product type
electronics.video-game-consoles-and-accessories.gaming-headset,electronics.video-game-consoles-and-accessories,L4,Gaming Headset,,gaming-headset,manual,,placeholder,gaming headset,cases/electronics/video-game-consoles-and-accessories/gaming-headset/,Derived product type
electronics.video-projectors,electronics,L2,Video Projectors,投影仪,video-projectors,user_screenshot/manual,,planned,mini projector; projector screen,cases/electronics/video-projectors/,Generic examples only
electronics.video-projectors.mini-projector,electronics.video-projectors,L4,Mini Projector,,mini-projector,manual,,placeholder,mini projector,cases/electronics/video-projectors/mini-projector/,Derived product type
electronics.video-projectors.projector-screen,electronics.video-projectors,L4,Projector Screen,,projector-screen,manual,,placeholder,projector screen,cases/electronics/video-projectors/projector-screen/,Derived product type
electronics.wearable-technology,electronics,L2,Wearable Technology,可穿戴设备,wearable-technology,user_screenshot/manual,,planned,smartwatch; fitness tracker,cases/electronics/wearable-technology/,Generic examples only
electronics.wearable-technology.smartwatch,electronics.wearable-technology,L4,Smartwatch,,smartwatch,manual,,placeholder,smartwatch,cases/electronics/wearable-technology/smartwatch/,Derived product type
electronics.wearable-technology.fitness-tracker,electronics.wearable-technology,L4,Fitness Tracker,,fitness-tracker,manual,,placeholder,fitness tracker,cases/electronics/wearable-technology/fitness-tracker/,Derived product type
electronics.ebook-readers-and-accessories,electronics,L2,eBook Readers & Accessories,电子阅读器与配件,ebook-readers-and-accessories,user_screenshot/manual,,planned,eReader; eReader case,cases/electronics/ebook-readers-and-accessories/,Generic examples only
electronics.ebook-readers-and-accessories.ereader,electronics.ebook-readers-and-accessories,L4,Ereader,,ereader,manual,,placeholder,eReader,cases/electronics/ebook-readers-and-accessories/ereader/,Derived product type
electronics.ebook-readers-and-accessories.ereader-case,electronics.ebook-readers-and-accessories,L4,Ereader Case,,ereader-case,manual,,placeholder,eReader case,cases/electronics/ebook-readers-and-accessories/ereader-case/,Derived product type
entertainment-collectibles,amazon-best-sellers,L1,Entertainment Collectibles,娱乐收藏品,entertainment-collectibles,user_screenshot/manual,,in_progress,character art card set; band tee collectible concept; signed art print concept; concert pass concept; collector book cover concept,cases/entertainment-collectibles/,Public generic taxonomy
entertainment-collectibles.animation,entertainment-collectibles,L2,Animation,动画收藏,animation,user_screenshot/manual,,planned,character art card set; animation poster print,cases/entertainment-collectibles/animation/,Generic examples only
entertainment-collectibles.animation.character-art-card-set,entertainment-collectibles.animation,L4,Character Art Card Set,,character-art-card-set,manual,,placeholder,character art card set,cases/entertainment-collectibles/animation/character-art-card-set/,Derived product type
entertainment-collectibles.animation.animation-poster-print,entertainment-collectibles.animation,L4,Animation Poster Print,,animation-poster-print,manual,,placeholder,animation poster print,cases/entertainment-collectibles/animation/animation-poster-print/,Derived product type
entertainment-collectibles.apparel,entertainment-collectibles,L2,Apparel,服饰收藏,apparel,user_screenshot/manual,,planned,band tee collectible concept; tour hoodie concept,cases/entertainment-collectibles/apparel/,Generic examples only
entertainment-collectibles.apparel.band-tee-collectible-concept,entertainment-collectibles.apparel,L4,Band Tee Collectible Concept,,band-tee-collectible-concept,manual,,placeholder,band tee collectible concept,cases/entertainment-collectibles/apparel/band-tee-collectible-concept/,Derived product type
entertainment-collectibles.apparel.tour-hoodie-concept,entertainment-collectibles.apparel,L4,Tour Hoodie Concept,,tour-hoodie-concept,manual,,placeholder,tour hoodie concept,cases/entertainment-collectibles/apparel/tour-hoodie-concept/,Derived product type
entertainment-collectibles.artwork-by-celebrities,entertainment-collectibles,L2,Artwork By Celebrities,名人艺术作品,artwork-by-celebrities,user_screenshot/manual,,planned,signed art print concept; gallery-style art card,cases/entertainment-collectibles/artwork-by-celebrities/,Generic examples only
entertainment-collectibles.artwork-by-celebrities.signed-art-print-concept,entertainment-collectibles.artwork-by-celebrities,L4,Signed Art Print Concept,,signed-art-print-concept,manual,,placeholder,signed art print concept,cases/entertainment-collectibles/artwork-by-celebrities/signed-art-print-concept/,Derived product type
entertainment-collectibles.artwork-by-celebrities.gallery-style-art-card,entertainment-collectibles.artwork-by-celebrities,L4,Gallery-Style Art Card,,gallery-style-art-card,manual,,placeholder,gallery-style art card,cases/entertainment-collectibles/artwork-by-celebrities/gallery-style-art-card/,Derived product type
entertainment-collectibles.backstage-passes,entertainment-collectibles,L2,Backstage Passes,后台通行证,backstage-passes,user_screenshot/manual,,planned,concert pass concept; event laminate concept,cases/entertainment-collectibles/backstage-passes/,Generic examples only
entertainment-collectibles.backstage-passes.concert-pass-concept,entertainment-collectibles.backstage-passes,L4,Concert Pass Concept,,concert-pass-concept,manual,,placeholder,concert pass concept,cases/entertainment-collectibles/backstage-passes/concert-pass-concept/,Derived product type
entertainment-collectibles.backstage-passes.event-laminate-concept,entertainment-collectibles.backstage-passes,L4,Event Laminate Concept,,event-laminate-concept,manual,,placeholder,event laminate concept,cases/entertainment-collectibles/backstage-passes/event-laminate-concept/,Derived product type
entertainment-collectibles.books,entertainment-collectibles,L2,Books,书籍收藏,books,user_screenshot/manual,,planned,collector book cover concept; special edition book concept,cases/entertainment-collectibles/books/,Generic examples only
entertainment-collectibles.books.collector-book-cover-concept,entertainment-collectibles.books,L4,Collector Book Cover Concept,,collector-book-cover-concept,manual,,placeholder,collector book cover concept,cases/entertainment-collectibles/books/collector-book-cover-concept/,Derived product type
entertainment-collectibles.books.special-edition-book-concept,entertainment-collectibles.books,L4,Special Edition Book Concept,,special-edition-book-concept,manual,,placeholder,special edition book concept,cases/entertainment-collectibles/books/special-edition-book-concept/,Derived product type
entertainment-collectibles.comic-art,entertainment-collectibles,L2,Comic Art,漫画艺术,comic-art,user_screenshot/manual,,planned,comic art print concept; panel artwork poster,cases/entertainment-collectibles/comic-art/,Generic examples only
entertainment-collectibles.comic-art.comic-art-print-concept,entertainment-collectibles.comic-art,L4,Comic Art Print Concept,,comic-art-print-concept,manual,,placeholder,comic art print concept,cases/entertainment-collectibles/comic-art/comic-art-print-concept/,Derived product type
entertainment-collectibles.comic-art.panel-artwork-poster,entertainment-collectibles.comic-art,L4,Panel Artwork Poster,,panel-artwork-poster,manual,,placeholder,panel artwork poster,cases/entertainment-collectibles/comic-art/panel-artwork-poster/,Derived product type
entertainment-collectibles.comic-books,entertainment-collectibles,L2,Comic Books,漫画书,comic-books,user_screenshot/manual,,planned,comic issue cover concept; variant cover concept,cases/entertainment-collectibles/comic-books/,Generic examples only
entertainment-collectibles.comic-books.comic-issue-cover-concept,entertainment-collectibles.comic-books,L4,Comic Issue Cover Concept,,comic-issue-cover-concept,manual,,placeholder,comic issue cover concept,cases/entertainment-collectibles/comic-books/comic-issue-cover-concept/,Derived product type
entertainment-collectibles.comic-books.variant-cover-concept,entertainment-collectibles.comic-books,L4,Variant Cover Concept,,variant-cover-concept,manual,,placeholder,variant cover concept,cases/entertainment-collectibles/comic-books/variant-cover-concept/,Derived product type
entertainment-collectibles.figurines,entertainment-collectibles,L2,Figurines,手办摆件,figurines,user_screenshot/manual,,planned,collectible figurine concept; mini collectible figure,cases/entertainment-collectibles/figurines/,Generic examples only
entertainment-collectibles.figurines.collectible-figurine-concept,entertainment-collectibles.figurines,L4,Collectible Figurine Concept,,collectible-figurine-concept,manual,,placeholder,collectible figurine concept,cases/entertainment-collectibles/figurines/collectible-figurine-concept/,Derived product type
entertainment-collectibles.figurines.mini-collectible-figure,entertainment-collectibles.figurines,L4,Mini Collectible Figure,,mini-collectible-figure,manual,,placeholder,mini collectible figure,cases/entertainment-collectibles/figurines/mini-collectible-figure/,Derived product type
entertainment-collectibles.photographs,entertainment-collectibles,L2,Photographs,照片收藏,photographs,user_screenshot/manual,,planned,glossy collectible photo concept; portrait print card,cases/entertainment-collectibles/photographs/,Generic examples only
entertainment-collectibles.photographs.glossy-collectible-photo-concept,entertainment-collectibles.photographs,L4,Glossy Collectible Photo Concept,,glossy-collectible-photo-concept,manual,,placeholder,glossy collectible photo concept,cases/entertainment-collectibles/photographs/glossy-collectible-photo-concept/,Derived product type
entertainment-collectibles.photographs.portrait-print-card,entertainment-collectibles.photographs,L4,Portrait Print Card,,portrait-print-card,manual,,placeholder,portrait print card,cases/entertainment-collectibles/photographs/portrait-print-card/,Derived product type
entertainment-collectibles.trading-cards,entertainment-collectibles,L2,Trading Cards,集换式卡牌,trading-cards,user_screenshot/manual,,planned,trading card bundle concept; foil card display,cases/entertainment-collectibles/trading-cards/,Generic examples only
entertainment-collectibles.trading-cards.trading-card-bundle-concept,entertainment-collectibles.trading-cards,L4,Trading Card Bundle Concept,,trading-card-bundle-concept,manual,,placeholder,trading card bundle concept,cases/entertainment-collectibles/trading-cards/trading-card-bundle-concept/,Derived product type
entertainment-collectibles.trading-cards.foil-card-display,entertainment-collectibles.trading-cards,L4,Foil Card Display,,foil-card-display,manual,,placeholder,foil card display,cases/entertainment-collectibles/trading-cards/foil-card-display/,Derived product type
gift-cards,amazon-best-sellers,L1,Gift Cards,礼品卡,gift-cards,user_screenshot/manual,,in_progress,birthday gift card design; holiday gift card design; fathers day gift card design; floral gift card design; for him gift card design,cases/gift-cards/,Public generic taxonomy
gift-cards.birthday,gift-cards,L2,Birthday,生日,birthday,user_screenshot/manual,,planned,birthday gift card design; birthday mini envelope,cases/gift-cards/birthday/,Generic examples only
gift-cards.birthday.birthday-gift-card-design,gift-cards.birthday,L4,Birthday Gift Card Design,,birthday-gift-card-design,manual,,placeholder,birthday gift card design,cases/gift-cards/birthday/birthday-gift-card-design/,Derived product type
gift-cards.birthday.birthday-mini-envelope,gift-cards.birthday,L4,Birthday Mini Envelope,,birthday-mini-envelope,manual,,placeholder,birthday mini envelope,cases/gift-cards/birthday/birthday-mini-envelope/,Derived product type
gift-cards.christmas,gift-cards,L2,Christmas,圣诞节,christmas,user_screenshot/manual,,planned,holiday gift card design; winter gift card concept,cases/gift-cards/christmas/,Generic examples only
gift-cards.christmas.holiday-gift-card-design,gift-cards.christmas,L4,Holiday Gift Card Design,,holiday-gift-card-design,manual,,placeholder,holiday gift card design,cases/gift-cards/christmas/holiday-gift-card-design/,Derived product type
gift-cards.christmas.winter-gift-card-concept,gift-cards.christmas,L4,Winter Gift Card Concept,,winter-gift-card-concept,manual,,placeholder,winter gift card concept,cases/gift-cards/christmas/winter-gift-card-concept/,Derived product type
gift-cards.fathers-day,gift-cards,L2,Father’s Day,父亲节,fathers-day,user_screenshot/manual,,planned,fathers day gift card design; dad appreciation card,cases/gift-cards/fathers-day/,Generic examples only
gift-cards.fathers-day.fathers-day-gift-card-design,gift-cards.fathers-day,L4,Fathers Day Gift Card Design,,fathers-day-gift-card-design,manual,,placeholder,fathers day gift card design,cases/gift-cards/fathers-day/fathers-day-gift-card-design/,Derived product type
gift-cards.fathers-day.dad-appreciation-card,gift-cards.fathers-day,L4,Dad Appreciation Card,,dad-appreciation-card,manual,,placeholder,dad appreciation card,cases/gift-cards/fathers-day/dad-appreciation-card/,Derived product type
gift-cards.for-her,gift-cards,L2,For Her,送给她,for-her,user_screenshot/manual,,planned,floral gift card design; elegant gift card concept,cases/gift-cards/for-her/,Generic examples only
gift-cards.for-her.floral-gift-card-design,gift-cards.for-her,L4,Floral Gift Card Design,,floral-gift-card-design,manual,,placeholder,floral gift card design,cases/gift-cards/for-her/floral-gift-card-design/,Derived product type
gift-cards.for-her.elegant-gift-card-concept,gift-cards.for-her,L4,Elegant Gift Card Concept,,elegant-gift-card-concept,manual,,placeholder,elegant gift card concept,cases/gift-cards/for-her/elegant-gift-card-concept/,Derived product type
gift-cards.for-him,gift-cards,L2,For Him,送给他,for-him,user_screenshot/manual,,planned,for him gift card design; minimal gift card concept,cases/gift-cards/for-him/,Generic examples only
gift-cards.for-him.for-him-gift-card-design,gift-cards.for-him,L4,For Him Gift Card Design,,for-him-gift-card-design,manual,,placeholder,for him gift card design,cases/gift-cards/for-him/for-him-gift-card-design/,Derived product type
gift-cards.for-him.minimal-gift-card-concept,gift-cards.for-him,L4,Minimal Gift Card Concept,,minimal-gift-card-concept,manual,,placeholder,minimal gift card concept,cases/gift-cards/for-him/minimal-gift-card-concept/,Derived product type
gift-cards.graduation,gift-cards,L2,Graduation,毕业,graduation,user_screenshot/manual,,planned,graduation gift card design; cap-themed envelope,cases/gift-cards/graduation/,Generic examples only
gift-cards.graduation.graduation-gift-card-design,gift-cards.graduation,L4,Graduation Gift Card Design,,graduation-gift-card-design,manual,,placeholder,graduation gift card design,cases/gift-cards/graduation/graduation-gift-card-design/,Derived product type
gift-cards.graduation.cap-themed-envelope,gift-cards.graduation,L4,Cap-Themed Envelope,,cap-themed-envelope,manual,,placeholder,cap-themed envelope,cases/gift-cards/graduation/cap-themed-envelope/,Derived product type
gift-cards.kids,gift-cards,L2,Kids,儿童,kids,user_screenshot/manual,,planned,kids gift card design; colorful gift sleeve,cases/gift-cards/kids/,Generic examples only
gift-cards.kids.kids-gift-card-design,gift-cards.kids,L4,Kids Gift Card Design,,kids-gift-card-design,manual,,placeholder,kids gift card design,cases/gift-cards/kids/kids-gift-card-design/,Derived product type
gift-cards.kids.colorful-gift-sleeve,gift-cards.kids,L4,Colorful Gift Sleeve,,colorful-gift-sleeve,manual,,placeholder,colorful gift sleeve,cases/gift-cards/kids/colorful-gift-sleeve/,Derived product type
gift-cards.mothers-day,gift-cards,L2,Mother’s Day,母亲节,mothers-day,user_screenshot/manual,,planned,mothers day gift card design; floral appreciation card,cases/gift-cards/mothers-day/,Generic examples only
gift-cards.mothers-day.mothers-day-gift-card-design,gift-cards.mothers-day,L4,Mothers Day Gift Card Design,,mothers-day-gift-card-design,manual,,placeholder,mothers day gift card design,cases/gift-cards/mothers-day/mothers-day-gift-card-design/,Derived product type
gift-cards.mothers-day.floral-appreciation-card,gift-cards.mothers-day,L4,Floral Appreciation Card,,floral-appreciation-card,manual,,placeholder,floral appreciation card,cases/gift-cards/mothers-day/floral-appreciation-card/,Derived product type
gift-cards.thank-you-and-appreciation,gift-cards,L2,Thank You & Appreciation,感谢与致谢,thank-you-and-appreciation,user_screenshot/manual,,planned,thank you gift card design; gratitude card concept,cases/gift-cards/thank-you-and-appreciation/,Generic examples only
gift-cards.thank-you-and-appreciation.thank-you-gift-card-design,gift-cards.thank-you-and-appreciation,L4,Thank You Gift Card Design,,thank-you-gift-card-design,manual,,placeholder,thank you gift card design,cases/gift-cards/thank-you-and-appreciation/thank-you-gift-card-design/,Derived product type
gift-cards.thank-you-and-appreciation.gratitude-card-concept,gift-cards.thank-you-and-appreciation,L4,Gratitude Card Concept,,gratitude-card-concept,manual,,placeholder,gratitude card concept,cases/gift-cards/thank-you-and-appreciation/gratitude-card-concept/,Derived product type
gift-cards.wedding-and-engagement,gift-cards,L2,Wedding & Engagement,婚礼与订婚,wedding-and-engagement,user_screenshot/manual,,planned,wedding gift card design; elegant occasion card,cases/gift-cards/wedding-and-engagement/,Generic examples only
gift-cards.wedding-and-engagement.wedding-gift-card-design,gift-cards.wedding-and-engagement,L4,Wedding Gift Card Design,,wedding-gift-card-design,manual,,placeholder,wedding gift card design,cases/gift-cards/wedding-and-engagement/wedding-gift-card-design/,Derived product type
gift-cards.wedding-and-engagement.elegant-occasion-card,gift-cards.wedding-and-engagement,L4,Elegant Occasion Card,,elegant-occasion-card,manual,,placeholder,elegant occasion card,cases/gift-cards/wedding-and-engagement/elegant-occasion-card/,Derived product type
grocery-and-gourmet-food,amazon-best-sellers,L1,Grocery & Gourmet Food,食品杂货与美食,grocery-and-gourmet-food,user_screenshot/manual,,in_progress,craft beverage can pack; baby puree pouch; energy drink pack; artisan bread loaf; pancake mix box,cases/grocery-and-gourmet-food/,Public generic taxonomy
grocery-and-gourmet-food.alcoholic-beverages,grocery-and-gourmet-food,L2,Alcoholic Beverages,酒精饮品,alcoholic-beverages,user_screenshot/manual,,planned,craft beverage can pack; cocktail mixer bottle,cases/grocery-and-gourmet-food/alcoholic-beverages/,Generic examples only
grocery-and-gourmet-food.alcoholic-beverages.craft-beverage-can-pack,grocery-and-gourmet-food.alcoholic-beverages,L4,Craft Beverage Can Pack,,craft-beverage-can-pack,manual,,placeholder,craft beverage can pack,cases/grocery-and-gourmet-food/alcoholic-beverages/craft-beverage-can-pack/,Derived product type
grocery-and-gourmet-food.alcoholic-beverages.cocktail-mixer-bottle,grocery-and-gourmet-food.alcoholic-beverages,L4,Cocktail Mixer Bottle,,cocktail-mixer-bottle,manual,,placeholder,cocktail mixer bottle,cases/grocery-and-gourmet-food/alcoholic-beverages/cocktail-mixer-bottle/,Derived product type
grocery-and-gourmet-food.baby-foods,grocery-and-gourmet-food,L2,Baby Foods,婴儿食品,baby-foods,user_screenshot/manual,,planned,baby puree pouch; baby food jar,cases/grocery-and-gourmet-food/baby-foods/,Generic examples only
grocery-and-gourmet-food.baby-foods.baby-puree-pouch,grocery-and-gourmet-food.baby-foods,L4,Baby Puree Pouch,,baby-puree-pouch,manual,,placeholder,baby puree pouch,cases/grocery-and-gourmet-food/baby-foods/baby-puree-pouch/,Derived product type
grocery-and-gourmet-food.baby-foods.baby-food-jar,grocery-and-gourmet-food.baby-foods,L4,Baby Food Jar,,baby-food-jar,manual,,placeholder,baby food jar,cases/grocery-and-gourmet-food/baby-foods/baby-food-jar/,Derived product type
grocery-and-gourmet-food.beverages,grocery-and-gourmet-food,L2,Beverages,饮品,beverages,user_screenshot/manual,,planned,energy drink pack; protein shake bottle,cases/grocery-and-gourmet-food/beverages/,Generic examples only
grocery-and-gourmet-food.beverages.energy-drink-pack,grocery-and-gourmet-food.beverages,L4,Energy Drink Pack,,energy-drink-pack,manual,,placeholder,energy drink pack,cases/grocery-and-gourmet-food/beverages/energy-drink-pack/,Derived product type
grocery-and-gourmet-food.beverages.protein-shake-bottle,grocery-and-gourmet-food.beverages,L4,Protein Shake Bottle,,protein-shake-bottle,manual,,placeholder,protein shake bottle,cases/grocery-and-gourmet-food/beverages/protein-shake-bottle/,Derived product type
grocery-and-gourmet-food.breads-and-bakery,grocery-and-gourmet-food,L2,Breads & Bakery,面包与烘焙,breads-and-bakery,user_screenshot/manual,,planned,artisan bread loaf; cookie box,cases/grocery-and-gourmet-food/breads-and-bakery/,Generic examples only
grocery-and-gourmet-food.breads-and-bakery.artisan-bread-loaf,grocery-and-gourmet-food.breads-and-bakery,L4,Artisan Bread Loaf,,artisan-bread-loaf,manual,,placeholder,artisan bread loaf,cases/grocery-and-gourmet-food/breads-and-bakery/artisan-bread-loaf/,Derived product type
grocery-and-gourmet-food.breads-and-bakery.cookie-box,grocery-and-gourmet-food.breads-and-bakery,L4,Cookie Box,,cookie-box,manual,,placeholder,cookie box,cases/grocery-and-gourmet-food/breads-and-bakery/cookie-box/,Derived product type
grocery-and-gourmet-food.breakfast-foods,grocery-and-gourmet-food,L2,Breakfast Foods,早餐食品,breakfast-foods,user_screenshot/manual,,planned,pancake mix box; oatmeal cup,cases/grocery-and-gourmet-food/breakfast-foods/,Generic examples only
grocery-and-gourmet-food.breakfast-foods.pancake-mix-box,grocery-and-gourmet-food.breakfast-foods,L4,Pancake Mix Box,,pancake-mix-box,manual,,placeholder,pancake mix box,cases/grocery-and-gourmet-food/breakfast-foods/pancake-mix-box/,Derived product type
grocery-and-gourmet-food.breakfast-foods.oatmeal-cup,grocery-and-gourmet-food.breakfast-foods,L4,Oatmeal Cup,,oatmeal-cup,manual,,placeholder,oatmeal cup,cases/grocery-and-gourmet-food/breakfast-foods/oatmeal-cup/,Derived product type
grocery-and-gourmet-food.dairy-eggs-and-plant-based-alternatives,grocery-and-gourmet-food,L2,"Dairy, Eggs & Plant-Based Alternatives",乳制品、鸡蛋与植物替代品,dairy-eggs-and-plant-based-alternatives,user_screenshot/manual,,planned,yogurt pack; plant milk carton,cases/grocery-and-gourmet-food/dairy-eggs-and-plant-based-alternatives/,Generic examples only
grocery-and-gourmet-food.dairy-eggs-and-plant-based-alternatives.yogurt-pack,grocery-and-gourmet-food.dairy-eggs-and-plant-based-alternatives,L4,Yogurt Pack,,yogurt-pack,manual,,placeholder,yogurt pack,cases/grocery-and-gourmet-food/dairy-eggs-and-plant-based-alternatives/yogurt-pack/,Derived product type
grocery-and-gourmet-food.dairy-eggs-and-plant-based-alternatives.plant-milk-carton,grocery-and-gourmet-food.dairy-eggs-and-plant-based-alternatives,L4,Plant Milk Carton,,plant-milk-carton,manual,,placeholder,plant milk carton,cases/grocery-and-gourmet-food/dairy-eggs-and-plant-based-alternatives/plant-milk-carton/,Derived product type
grocery-and-gourmet-food.food-and-beverage-gifts,grocery-and-gourmet-food,L2,Food & Beverage Gifts,食品与饮品礼盒,food-and-beverage-gifts,user_screenshot/manual,,planned,gourmet snack box; coffee gift set,cases/grocery-and-gourmet-food/food-and-beverage-gifts/,Generic examples only
grocery-and-gourmet-food.food-and-beverage-gifts.gourmet-snack-box,grocery-and-gourmet-food.food-and-beverage-gifts,L4,Gourmet Snack Box,,gourmet-snack-box,manual,,placeholder,gourmet snack box,cases/grocery-and-gourmet-food/food-and-beverage-gifts/gourmet-snack-box/,Derived product type
grocery-and-gourmet-food.food-and-beverage-gifts.coffee-gift-set,grocery-and-gourmet-food.food-and-beverage-gifts,L4,Coffee Gift Set,,coffee-gift-set,manual,,placeholder,coffee gift set,cases/grocery-and-gourmet-food/food-and-beverage-gifts/coffee-gift-set/,Derived product type
grocery-and-gourmet-food.pantry-staples,grocery-and-gourmet-food,L2,Pantry Staples,食品储藏主食,pantry-staples,user_screenshot/manual,,planned,whole bean coffee bag; olive oil bottle,cases/grocery-and-gourmet-food/pantry-staples/,Generic examples only
grocery-and-gourmet-food.pantry-staples.whole-bean-coffee-bag,grocery-and-gourmet-food.pantry-staples,L4,Whole Bean Coffee Bag,,whole-bean-coffee-bag,manual,,placeholder,whole bean coffee bag,cases/grocery-and-gourmet-food/pantry-staples/whole-bean-coffee-bag/,Derived product type
grocery-and-gourmet-food.pantry-staples.olive-oil-bottle,grocery-and-gourmet-food.pantry-staples,L4,Olive Oil Bottle,,olive-oil-bottle,manual,,placeholder,olive oil bottle,cases/grocery-and-gourmet-food/pantry-staples/olive-oil-bottle/,Derived product type
grocery-and-gourmet-food.produce,grocery-and-gourmet-food,L2,Produce,农产品,produce,user_screenshot/manual,,planned,banana bunch; blueberries bowl,cases/grocery-and-gourmet-food/produce/,Generic examples only
grocery-and-gourmet-food.produce.banana-bunch,grocery-and-gourmet-food.produce,L4,Banana Bunch,,banana-bunch,manual,,placeholder,banana bunch,cases/grocery-and-gourmet-food/produce/banana-bunch/,Derived product type
grocery-and-gourmet-food.produce.blueberries-bowl,grocery-and-gourmet-food.produce,L4,Blueberries Bowl,,blueberries-bowl,manual,,placeholder,blueberries bowl,cases/grocery-and-gourmet-food/produce/blueberries-bowl/,Derived product type
grocery-and-gourmet-food.snacks-and-sweets,grocery-and-gourmet-food,L2,Snacks & Sweets,零食与甜食,snacks-and-sweets,user_screenshot/manual,,planned,gum pack; chocolate assortment,cases/grocery-and-gourmet-food/snacks-and-sweets/,Generic examples only
grocery-and-gourmet-food.snacks-and-sweets.gum-pack,grocery-and-gourmet-food.snacks-and-sweets,L4,Gum Pack,,gum-pack,manual,,placeholder,gum pack,cases/grocery-and-gourmet-food/snacks-and-sweets/gum-pack/,Derived product type
grocery-and-gourmet-food.snacks-and-sweets.chocolate-assortment,grocery-and-gourmet-food.snacks-and-sweets,L4,Chocolate Assortment,,chocolate-assortment,manual,,placeholder,chocolate assortment,cases/grocery-and-gourmet-food/snacks-and-sweets/chocolate-assortment/,Derived product type
handmade-products,amazon-best-sellers,L1,Handmade Products,手工制品,handmade-products,user_screenshot/manual,,in_progress,personalized baby gift concept; handmade balm tin; crochet accessory concept; custom wall sign; name bracelet concept,cases/handmade-products/,Public generic taxonomy
handmade-products.handmade-baby,handmade-products,L2,Handmade Baby,手工婴幼儿用品,handmade-baby,user_screenshot/manual,,planned,personalized baby gift concept; soft baby keepsake,cases/handmade-products/handmade-baby/,Generic examples only
handmade-products.handmade-baby.personalized-baby-gift-concept,handmade-products.handmade-baby,L4,Personalized Baby Gift Concept,,personalized-baby-gift-concept,manual,,placeholder,personalized baby gift concept,cases/handmade-products/handmade-baby/personalized-baby-gift-concept/,Derived product type
handmade-products.handmade-baby.soft-baby-keepsake,handmade-products.handmade-baby,L4,Soft Baby Keepsake,,soft-baby-keepsake,manual,,placeholder,soft baby keepsake,cases/handmade-products/handmade-baby/soft-baby-keepsake/,Derived product type
handmade-products.handmade-beauty-and-personal-care,handmade-products,L2,Handmade Beauty & Personal Care,手工美妆个护,handmade-beauty-and-personal-care,user_screenshot/manual,,planned,handmade balm tin; artisan soap jar,cases/handmade-products/handmade-beauty-and-personal-care/,Generic examples only
handmade-products.handmade-beauty-and-personal-care.handmade-balm-tin,handmade-products.handmade-beauty-and-personal-care,L4,Handmade Balm Tin,,handmade-balm-tin,manual,,placeholder,handmade balm tin,cases/handmade-products/handmade-beauty-and-personal-care/handmade-balm-tin/,Derived product type
handmade-products.handmade-beauty-and-personal-care.artisan-soap-jar,handmade-products.handmade-beauty-and-personal-care,L4,Artisan Soap Jar,,artisan-soap-jar,manual,,placeholder,artisan soap jar,cases/handmade-products/handmade-beauty-and-personal-care/artisan-soap-jar/,Derived product type
handmade-products.handmade-clothing-and-accessories,handmade-products,L2,Handmade Clothing & Accessories,手工服饰与配件,handmade-clothing-and-accessories,user_screenshot/manual,,planned,crochet accessory concept; custom keychain,cases/handmade-products/handmade-clothing-and-accessories/,Generic examples only
handmade-products.handmade-clothing-and-accessories.crochet-accessory-concept,handmade-products.handmade-clothing-and-accessories,L4,Crochet Accessory Concept,,crochet-accessory-concept,manual,,placeholder,crochet accessory concept,cases/handmade-products/handmade-clothing-and-accessories/crochet-accessory-concept/,Derived product type
handmade-products.handmade-clothing-and-accessories.custom-keychain,handmade-products.handmade-clothing-and-accessories,L4,Custom Keychain,,custom-keychain,manual,,placeholder,custom keychain,cases/handmade-products/handmade-clothing-and-accessories/custom-keychain/,Derived product type
handmade-products.handmade-home-d-cor,handmade-products,L2,Handmade Home Décor,手工家居装饰,handmade-home-d-cor,user_screenshot/manual,,planned,custom wall sign; engraved home piece,cases/handmade-products/handmade-home-d-cor/,Generic examples only
handmade-products.handmade-home-d-cor.custom-wall-sign,handmade-products.handmade-home-d-cor,L4,Custom Wall Sign,,custom-wall-sign,manual,,placeholder,custom wall sign,cases/handmade-products/handmade-home-d-cor/custom-wall-sign/,Derived product type
handmade-products.handmade-home-d-cor.engraved-home-piece,handmade-products.handmade-home-d-cor,L4,Engraved Home Piece,,engraved-home-piece,manual,,placeholder,engraved home piece,cases/handmade-products/handmade-home-d-cor/engraved-home-piece/,Derived product type
handmade-products.handmade-jewelry,handmade-products,L2,Handmade Jewelry,手工珠宝,handmade-jewelry,user_screenshot/manual,,planned,name bracelet concept; engraved necklace,cases/handmade-products/handmade-jewelry/,Generic examples only
handmade-products.handmade-jewelry.name-bracelet-concept,handmade-products.handmade-jewelry,L4,Name Bracelet Concept,,name-bracelet-concept,manual,,placeholder,name bracelet concept,cases/handmade-products/handmade-jewelry/name-bracelet-concept/,Derived product type
handmade-products.handmade-jewelry.engraved-necklace,handmade-products.handmade-jewelry,L4,Engraved Necklace,,engraved-necklace,manual,,placeholder,engraved necklace,cases/handmade-products/handmade-jewelry/engraved-necklace/,Derived product type
handmade-products.handmade-kitchen-and-dining,handmade-products,L2,Handmade Kitchen & Dining,手工厨房餐厨,handmade-kitchen-and-dining,user_screenshot/manual,,planned,engraved cutting board; custom mug concept,cases/handmade-products/handmade-kitchen-and-dining/,Generic examples only
handmade-products.handmade-kitchen-and-dining.engraved-cutting-board,handmade-products.handmade-kitchen-and-dining,L4,Engraved Cutting Board,,engraved-cutting-board,manual,,placeholder,engraved cutting board,cases/handmade-products/handmade-kitchen-and-dining/engraved-cutting-board/,Derived product type
handmade-products.handmade-kitchen-and-dining.custom-mug-concept,handmade-products.handmade-kitchen-and-dining,L4,Custom Mug Concept,,custom-mug-concept,manual,,placeholder,custom mug concept,cases/handmade-products/handmade-kitchen-and-dining/custom-mug-concept/,Derived product type
handmade-products.handmade-pet-supplies,handmade-products,L2,Handmade Pet Supplies,手工宠物用品,handmade-pet-supplies,user_screenshot/manual,,planned,engraved pet tag; custom collar accessory,cases/handmade-products/handmade-pet-supplies/,Generic examples only
handmade-products.handmade-pet-supplies.engraved-pet-tag,handmade-products.handmade-pet-supplies,L4,Engraved Pet Tag,,engraved-pet-tag,manual,,placeholder,engraved pet tag,cases/handmade-products/handmade-pet-supplies/engraved-pet-tag/,Derived product type
handmade-products.handmade-pet-supplies.custom-collar-accessory,handmade-products.handmade-pet-supplies,L4,Custom Collar Accessory,,custom-collar-accessory,manual,,placeholder,custom collar accessory,cases/handmade-products/handmade-pet-supplies/custom-collar-accessory/,Derived product type
handmade-products.handmade-stationery-and-party-supplies,handmade-products,L2,Handmade Stationery & Party Supplies,手工文具与派对用品,handmade-stationery-and-party-supplies,user_screenshot/manual,,planned,birthday card craft concept; custom invitation mockup,cases/handmade-products/handmade-stationery-and-party-supplies/,Generic examples only
handmade-products.handmade-stationery-and-party-supplies.birthday-card-craft-concept,handmade-products.handmade-stationery-and-party-supplies,L4,Birthday Card Craft Concept,,birthday-card-craft-concept,manual,,placeholder,birthday card craft concept,cases/handmade-products/handmade-stationery-and-party-supplies/birthday-card-craft-concept/,Derived product type
handmade-products.handmade-stationery-and-party-supplies.custom-invitation-mockup,handmade-products.handmade-stationery-and-party-supplies,L4,Custom Invitation Mockup,,custom-invitation-mockup,manual,,placeholder,custom invitation mockup,cases/handmade-products/handmade-stationery-and-party-supplies/custom-invitation-mockup/,Derived product type
handmade-products.handmade-toys-and-games,handmade-products,L2,Handmade Toys & Games,手工玩具与游戏,handmade-toys-and-games,user_screenshot/manual,,planned,crochet toy concept; wood puzzle mockup,cases/handmade-products/handmade-toys-and-games/,Generic examples only
handmade-products.handmade-toys-and-games.crochet-toy-concept,handmade-products.handmade-toys-and-games,L4,Crochet Toy Concept,,crochet-toy-concept,manual,,placeholder,crochet toy concept,cases/handmade-products/handmade-toys-and-games/crochet-toy-concept/,Derived product type
handmade-products.handmade-toys-and-games.wood-puzzle-mockup,handmade-products.handmade-toys-and-games,L4,Wood Puzzle Mockup,,wood-puzzle-mockup,manual,,placeholder,wood puzzle mockup,cases/handmade-products/handmade-toys-and-games/wood-puzzle-mockup/,Derived product type
health-and-household,amazon-best-sellers,L1,Health & Household,健康与家居日用,health-and-household,user_screenshot/manual,,in_progress,baby wipes pack; protein powder tub; first aid supply concept; paper towels pack; exam gloves box,cases/health-and-household/,Public generic taxonomy
health-and-household.baby-and-child-care,health-and-household,L2,Baby & Child Care,婴童护理,baby-and-child-care,user_screenshot/manual,,planned,baby wipes pack; diaper rash cream tube,cases/health-and-household/baby-and-child-care/,Generic examples only
health-and-household.baby-and-child-care.baby-wipes-pack,health-and-household.baby-and-child-care,L4,Baby Wipes Pack,,baby-wipes-pack,manual,,placeholder,baby wipes pack,cases/health-and-household/baby-and-child-care/baby-wipes-pack/,Derived product type
health-and-household.baby-and-child-care.diaper-rash-cream-tube,health-and-household.baby-and-child-care,L4,Diaper Rash Cream Tube,,diaper-rash-cream-tube,manual,,placeholder,diaper rash cream tube,cases/health-and-household/baby-and-child-care/diaper-rash-cream-tube/,Derived product type
health-and-household.diet-and-sports-nutrition,health-and-household,L2,Diet & Sports Nutrition,膳食与运动营养,diet-and-sports-nutrition,user_screenshot/manual,,planned,protein powder tub; electrolyte stick pack,cases/health-and-household/diet-and-sports-nutrition/,Generic examples only
health-and-household.diet-and-sports-nutrition.protein-powder-tub,health-and-household.diet-and-sports-nutrition,L4,Protein Powder Tub,,protein-powder-tub,manual,,placeholder,protein powder tub,cases/health-and-household/diet-and-sports-nutrition/protein-powder-tub/,Derived product type
health-and-household.diet-and-sports-nutrition.electrolyte-stick-pack,health-and-household.diet-and-sports-nutrition,L4,Electrolyte Stick Pack,,electrolyte-stick-pack,manual,,placeholder,electrolyte stick pack,cases/health-and-household/diet-and-sports-nutrition/electrolyte-stick-pack/,Derived product type
health-and-household.health-care,health-and-household,L2,Health Care,健康护理,health-care,user_screenshot/manual,,planned,first aid supply concept; pain relief patch,cases/health-and-household/health-care/,Generic examples only
health-and-household.health-care.first-aid-supply-concept,health-and-household.health-care,L4,First Aid Supply Concept,,first-aid-supply-concept,manual,,placeholder,first aid supply concept,cases/health-and-household/health-care/first-aid-supply-concept/,Derived product type
health-and-household.health-care.pain-relief-patch,health-and-household.health-care,L4,Pain Relief Patch,,pain-relief-patch,manual,,placeholder,pain relief patch,cases/health-and-household/health-care/pain-relief-patch/,Derived product type
health-and-household.house-supplies,health-and-household,L2,House Supplies,家居日用品,house-supplies,user_screenshot/manual,,planned,paper towels pack; toilet paper rolls,cases/health-and-household/house-supplies/,Generic examples only
health-and-household.house-supplies.paper-towels-pack,health-and-household.house-supplies,L4,Paper Towels Pack,,paper-towels-pack,manual,,placeholder,paper towels pack,cases/health-and-household/house-supplies/paper-towels-pack/,Derived product type
health-and-household.house-supplies.toilet-paper-rolls,health-and-household.house-supplies,L4,Toilet Paper Rolls,,toilet-paper-rolls,manual,,placeholder,toilet paper rolls,cases/health-and-household/house-supplies/toilet-paper-rolls/,Derived product type
health-and-household.medical-supplies-and-equipment,health-and-household,L2,Medical Supplies & Equipment,医疗用品与设备,medical-supplies-and-equipment,user_screenshot/manual,,planned,exam gloves box; wound care roll,cases/health-and-household/medical-supplies-and-equipment/,Generic examples only
health-and-household.medical-supplies-and-equipment.exam-gloves-box,health-and-household.medical-supplies-and-equipment,L4,Exam Gloves Box,,exam-gloves-box,manual,,placeholder,exam gloves box,cases/health-and-household/medical-supplies-and-equipment/exam-gloves-box/,Derived product type
health-and-household.medical-supplies-and-equipment.wound-care-roll,health-and-household.medical-supplies-and-equipment,L4,Wound Care Roll,,wound-care-roll,manual,,placeholder,wound care roll,cases/health-and-household/medical-supplies-and-equipment/wound-care-roll/,Derived product type
health-and-household.oral-care,health-and-household,L2,Oral Care,口腔护理,oral-care,user_screenshot/manual,,planned,toothpaste tube; floss picks pack,cases/health-and-household/oral-care/,Generic examples only
health-and-household.oral-care.toothpaste-tube,health-and-household.oral-care,L4,Toothpaste Tube,,toothpaste-tube,manual,,placeholder,toothpaste tube,cases/health-and-household/oral-care/toothpaste-tube/,Derived product type
health-and-household.oral-care.floss-picks-pack,health-and-household.oral-care,L4,Floss Picks Pack,,floss-picks-pack,manual,,placeholder,floss picks pack,cases/health-and-household/oral-care/floss-picks-pack/,Derived product type
health-and-household.personal-care,health-and-household,L2,Personal Care,个人护理,personal-care,user_screenshot/manual,,planned,flushable wipes pack; deodorant stick,cases/health-and-household/personal-care/,Generic examples only
health-and-household.personal-care.flushable-wipes-pack,health-and-household.personal-care,L4,Flushable Wipes Pack,,flushable-wipes-pack,manual,,placeholder,flushable wipes pack,cases/health-and-household/personal-care/flushable-wipes-pack/,Derived product type
health-and-household.personal-care.deodorant-stick,health-and-household.personal-care,L4,Deodorant Stick,,deodorant-stick,manual,,placeholder,deodorant stick,cases/health-and-household/personal-care/deodorant-stick/,Derived product type
health-and-household.sports-nutrition,health-and-household,L2,Sports Nutrition,运动营养,sports-nutrition,user_screenshot/manual,,planned,creatine tub; protein ready-to-drink bottle,cases/health-and-household/sports-nutrition/,Generic examples only
health-and-household.sports-nutrition.creatine-tub,health-and-household.sports-nutrition,L4,Creatine Tub,,creatine-tub,manual,,placeholder,creatine tub,cases/health-and-household/sports-nutrition/creatine-tub/,Derived product type
health-and-household.sports-nutrition.protein-ready-to-drink-bottle,health-and-household.sports-nutrition,L4,Protein Ready-To-Drink Bottle,,protein-ready-to-drink-bottle,manual,,placeholder,protein ready-to-drink bottle,cases/health-and-household/sports-nutrition/protein-ready-to-drink-bottle/,Derived product type
health-and-household.vitamins-minerals-and-supplements,health-and-household,L2,"Vitamins, Minerals & Supplements",维生素矿物质与补充剂,vitamins-minerals-and-supplements,user_screenshot/manual,,planned,supplement bottle; vitamin gummy jar,cases/health-and-household/vitamins-minerals-and-supplements/,Generic examples only
health-and-household.vitamins-minerals-and-supplements.supplement-bottle,health-and-household.vitamins-minerals-and-supplements,L4,Supplement Bottle,,supplement-bottle,manual,,placeholder,supplement bottle,cases/health-and-household/vitamins-minerals-and-supplements/supplement-bottle/,Derived product type
health-and-household.vitamins-minerals-and-supplements.vitamin-gummy-jar,health-and-household.vitamins-minerals-and-supplements,L4,Vitamin Gummy Jar,,vitamin-gummy-jar,manual,,placeholder,vitamin gummy jar,cases/health-and-household/vitamins-minerals-and-supplements/vitamin-gummy-jar/,Derived product type
health-and-household.wellness-and-relaxation,health-and-household,L2,Wellness & Relaxation,健康与放松,wellness-and-relaxation,user_screenshot/manual,,planned,heating pad concept; sleep support item,cases/health-and-household/wellness-and-relaxation/,Generic examples only
health-and-household.wellness-and-relaxation.heating-pad-concept,health-and-household.wellness-and-relaxation,L4,Heating Pad Concept,,heating-pad-concept,manual,,placeholder,heating pad concept,cases/health-and-household/wellness-and-relaxation/heating-pad-concept/,Derived product type
health-and-household.wellness-and-relaxation.sleep-support-item,health-and-household.wellness-and-relaxation,L4,Sleep Support Item,,sleep-support-item,manual,,placeholder,sleep support item,cases/health-and-household/wellness-and-relaxation/sleep-support-item/,Derived product type
home-and-kitchen,amazon-best-sellers,L1,Home & Kitchen,家居与厨房,home-and-kitchen,user_screenshot/manual,,in_progress,bath mat; sheet set; insect trap; storage shelf; desk fan,cases/home-and-kitchen/,Public generic taxonomy
home-and-kitchen.bath,home-and-kitchen,L2,Bath,浴室用品,bath,user_screenshot/manual,,planned,bath mat; shower curtain liner,cases/home-and-kitchen/bath/,Generic examples only
home-and-kitchen.bath.bath-mat,home-and-kitchen.bath,L4,Bath Mat,,bath-mat,manual,,placeholder,bath mat,cases/home-and-kitchen/bath/bath-mat/,Derived product type
home-and-kitchen.bath.shower-curtain-liner,home-and-kitchen.bath,L4,Shower Curtain Liner,,shower-curtain-liner,manual,,placeholder,shower curtain liner,cases/home-and-kitchen/bath/shower-curtain-liner/,Derived product type
home-and-kitchen.bedding,home-and-kitchen,L2,Bedding,床品,bedding,user_screenshot/manual,,planned,sheet set; pillow cover set,cases/home-and-kitchen/bedding/,Generic examples only
home-and-kitchen.bedding.sheet-set,home-and-kitchen.bedding,L4,Sheet Set,,sheet-set,manual,,placeholder,sheet set,cases/home-and-kitchen/bedding/sheet-set/,Derived product type
home-and-kitchen.bedding.pillow-cover-set,home-and-kitchen.bedding,L4,Pillow Cover Set,,pillow-cover-set,manual,,placeholder,pillow cover set,cases/home-and-kitchen/bedding/pillow-cover-set/,Derived product type
home-and-kitchen.cleaning-supplies,home-and-kitchen,L2,Cleaning Supplies,清洁用品,cleaning-supplies,user_screenshot/manual,,planned,insect trap; cleaning cloths,cases/home-and-kitchen/cleaning-supplies/,Generic examples only
home-and-kitchen.cleaning-supplies.insect-trap,home-and-kitchen.cleaning-supplies,L4,Insect Trap,,insect-trap,manual,,placeholder,insect trap,cases/home-and-kitchen/cleaning-supplies/insect-trap/,Derived product type
home-and-kitchen.cleaning-supplies.cleaning-cloths,home-and-kitchen.cleaning-supplies,L4,Cleaning Cloths,,cleaning-cloths,manual,,placeholder,cleaning cloths,cases/home-and-kitchen/cleaning-supplies/cleaning-cloths/,Derived product type
home-and-kitchen.furniture,home-and-kitchen,L2,Furniture,家具,furniture,user_screenshot/manual,,planned,storage shelf; small home chair,cases/home-and-kitchen/furniture/,Generic examples only
home-and-kitchen.furniture.storage-shelf,home-and-kitchen.furniture,L4,Storage Shelf,,storage-shelf,manual,,placeholder,storage shelf,cases/home-and-kitchen/furniture/storage-shelf/,Derived product type
home-and-kitchen.furniture.small-home-chair,home-and-kitchen.furniture,L4,Small Home Chair,,small-home-chair,manual,,placeholder,small home chair,cases/home-and-kitchen/furniture/small-home-chair/,Derived product type
home-and-kitchen.heating-cooling-and-air-quality,home-and-kitchen,L2,"Heating, Cooling & Air Quality",制热制冷与空气质量,heating-cooling-and-air-quality,user_screenshot/manual,,planned,desk fan; air purifier concept,cases/home-and-kitchen/heating-cooling-and-air-quality/,Generic examples only
home-and-kitchen.heating-cooling-and-air-quality.desk-fan,home-and-kitchen.heating-cooling-and-air-quality,L4,Desk Fan,,desk-fan,manual,,placeholder,desk fan,cases/home-and-kitchen/heating-cooling-and-air-quality/desk-fan/,Derived product type
home-and-kitchen.heating-cooling-and-air-quality.air-purifier-concept,home-and-kitchen.heating-cooling-and-air-quality,L4,Air Purifier Concept,,air-purifier-concept,manual,,placeholder,air purifier concept,cases/home-and-kitchen/heating-cooling-and-air-quality/air-purifier-concept/,Derived product type
home-and-kitchen.home-d-cor,home-and-kitchen,L2,Home Décor,家居装饰,home-d-cor,user_screenshot/manual,,planned,picture frame; vase concept,cases/home-and-kitchen/home-d-cor/,Generic examples only
home-and-kitchen.home-d-cor.picture-frame,home-and-kitchen.home-d-cor,L4,Picture Frame,,picture-frame,manual,,placeholder,picture frame,cases/home-and-kitchen/home-d-cor/picture-frame/,Derived product type
home-and-kitchen.home-d-cor.vase-concept,home-and-kitchen.home-d-cor,L4,Vase Concept,,vase-concept,manual,,placeholder,vase concept,cases/home-and-kitchen/home-d-cor/vase-concept/,Derived product type
home-and-kitchen.kitchen-and-dining,home-and-kitchen,L2,Kitchen & Dining,厨房与餐厅,kitchen-and-dining,user_screenshot/manual,,planned,insulated bottle; kitchen scale,cases/home-and-kitchen/kitchen-and-dining/,Generic examples only
home-and-kitchen.kitchen-and-dining.insulated-bottle,home-and-kitchen.kitchen-and-dining,L4,Insulated Bottle,,insulated-bottle,manual,,placeholder,insulated bottle,cases/home-and-kitchen/kitchen-and-dining/insulated-bottle/,Derived product type
home-and-kitchen.kitchen-and-dining.kitchen-scale,home-and-kitchen.kitchen-and-dining,L4,Kitchen Scale,,kitchen-scale,manual,,placeholder,kitchen scale,cases/home-and-kitchen/kitchen-and-dining/kitchen-scale/,Derived product type
home-and-kitchen.storage-and-organization,home-and-kitchen,L2,Storage & Organization,收纳整理,storage-and-organization,user_screenshot/manual,,planned,velvet hangers pack; storage bins,cases/home-and-kitchen/storage-and-organization/,Generic examples only
home-and-kitchen.storage-and-organization.velvet-hangers-pack,home-and-kitchen.storage-and-organization,L4,Velvet Hangers Pack,,velvet-hangers-pack,manual,,placeholder,velvet hangers pack,cases/home-and-kitchen/storage-and-organization/velvet-hangers-pack/,Derived product type
home-and-kitchen.storage-and-organization.storage-bins,home-and-kitchen.storage-and-organization,L4,Storage Bins,,storage-bins,manual,,placeholder,storage bins,cases/home-and-kitchen/storage-and-organization/storage-bins/,Derived product type
home-and-kitchen.vacuums-and-floor-care,home-and-kitchen,L2,Vacuums & Floor Care,吸尘与地面护理,vacuums-and-floor-care,user_screenshot/manual,,planned,robot vacuum concept; vacuum accessory,cases/home-and-kitchen/vacuums-and-floor-care/,Generic examples only
home-and-kitchen.vacuums-and-floor-care.robot-vacuum-concept,home-and-kitchen.vacuums-and-floor-care,L4,Robot Vacuum Concept,,robot-vacuum-concept,manual,,placeholder,robot vacuum concept,cases/home-and-kitchen/vacuums-and-floor-care/robot-vacuum-concept/,Derived product type
home-and-kitchen.vacuums-and-floor-care.vacuum-accessory,home-and-kitchen.vacuums-and-floor-care,L4,Vacuum Accessory,,vacuum-accessory,manual,,placeholder,vacuum accessory,cases/home-and-kitchen/vacuums-and-floor-care/vacuum-accessory/,Derived product type
home-and-kitchen.wall-d-cor,home-and-kitchen,L2,Wall Décor,墙面装饰,wall-d-cor,user_screenshot/manual,,planned,wall frame; decorative wall art,cases/home-and-kitchen/wall-d-cor/,Generic examples only
home-and-kitchen.wall-d-cor.wall-frame,home-and-kitchen.wall-d-cor,L4,Wall Frame,,wall-frame,manual,,placeholder,wall frame,cases/home-and-kitchen/wall-d-cor/wall-frame/,Derived product type
home-and-kitchen.wall-d-cor.decorative-wall-art,home-and-kitchen.wall-d-cor,L4,Decorative Wall Art,,decorative-wall-art,manual,,placeholder,decorative wall art,cases/home-and-kitchen/wall-d-cor/decorative-wall-art/,Derived product type
industrial-and-scientific,amazon-best-sellers,L1,Industrial & Scientific,工业与科学用品,industrial-and-scientific,user_screenshot/manual,,in_progress,sandpaper roll; 3D printer filament; super glue bottle; utility blades; screw assortment,cases/industrial-and-scientific/,Public generic taxonomy
industrial-and-scientific.abrasive-and-finishing-products,industrial-and-scientific,L2,Abrasive & Finishing Products,磨料与抛光产品,abrasive-and-finishing-products,user_screenshot/manual,,planned,sandpaper roll; polishing pad,cases/industrial-and-scientific/abrasive-and-finishing-products/,Generic examples only
industrial-and-scientific.abrasive-and-finishing-products.sandpaper-roll,industrial-and-scientific.abrasive-and-finishing-products,L4,Sandpaper Roll,,sandpaper-roll,manual,,placeholder,sandpaper roll,cases/industrial-and-scientific/abrasive-and-finishing-products/sandpaper-roll/,Derived product type
industrial-and-scientific.abrasive-and-finishing-products.polishing-pad,industrial-and-scientific.abrasive-and-finishing-products,L4,Polishing Pad,,polishing-pad,manual,,placeholder,polishing pad,cases/industrial-and-scientific/abrasive-and-finishing-products/polishing-pad/,Derived product type
industrial-and-scientific.additive-manufacturing-products,industrial-and-scientific,L2,Additive Manufacturing Products,增材制造产品,additive-manufacturing-products,user_screenshot/manual,,planned,3D printer filament; resin bottle,cases/industrial-and-scientific/additive-manufacturing-products/,Generic examples only
industrial-and-scientific.additive-manufacturing-products.3d-printer-filament,industrial-and-scientific.additive-manufacturing-products,L4,3D Printer Filament,,3d-printer-filament,manual,,placeholder,3D printer filament,cases/industrial-and-scientific/additive-manufacturing-products/3d-printer-filament/,Derived product type
industrial-and-scientific.additive-manufacturing-products.resin-bottle,industrial-and-scientific.additive-manufacturing-products,L4,Resin Bottle,,resin-bottle,manual,,placeholder,resin bottle,cases/industrial-and-scientific/additive-manufacturing-products/resin-bottle/,Derived product type
industrial-and-scientific.adhesives-sealants-and-lubricants,industrial-and-scientific,L2,"Adhesives, Sealants & Lubricants",胶黏剂、密封剂与润滑剂,adhesives-sealants-and-lubricants,user_screenshot/manual,,planned,super glue bottle; silicone caulk tube,cases/industrial-and-scientific/adhesives-sealants-and-lubricants/,Generic examples only
industrial-and-scientific.adhesives-sealants-and-lubricants.super-glue-bottle,industrial-and-scientific.adhesives-sealants-and-lubricants,L4,Super Glue Bottle,,super-glue-bottle,manual,,placeholder,super glue bottle,cases/industrial-and-scientific/adhesives-sealants-and-lubricants/super-glue-bottle/,Derived product type
industrial-and-scientific.adhesives-sealants-and-lubricants.silicone-caulk-tube,industrial-and-scientific.adhesives-sealants-and-lubricants,L4,Silicone Caulk Tube,,silicone-caulk-tube,manual,,placeholder,silicone caulk tube,cases/industrial-and-scientific/adhesives-sealants-and-lubricants/silicone-caulk-tube/,Derived product type
industrial-and-scientific.cutting-tools,industrial-and-scientific,L2,Cutting Tools,切削工具,cutting-tools,user_screenshot/manual,,planned,utility blades; drill bit set,cases/industrial-and-scientific/cutting-tools/,Generic examples only
industrial-and-scientific.cutting-tools.utility-blades,industrial-and-scientific.cutting-tools,L4,Utility Blades,,utility-blades,manual,,placeholder,utility blades,cases/industrial-and-scientific/cutting-tools/utility-blades/,Derived product type
industrial-and-scientific.cutting-tools.drill-bit-set,industrial-and-scientific.cutting-tools,L4,Drill Bit Set,,drill-bit-set,manual,,placeholder,drill bit set,cases/industrial-and-scientific/cutting-tools/drill-bit-set/,Derived product type
industrial-and-scientific.fasteners,industrial-and-scientific,L2,Fasteners,紧固件,fasteners,user_screenshot/manual,,planned,screw assortment; hook set,cases/industrial-and-scientific/fasteners/,Generic examples only
industrial-and-scientific.fasteners.screw-assortment,industrial-and-scientific.fasteners,L4,Screw Assortment,,screw-assortment,manual,,placeholder,screw assortment,cases/industrial-and-scientific/fasteners/screw-assortment/,Derived product type
industrial-and-scientific.fasteners.hook-set,industrial-and-scientific.fasteners,L4,Hook Set,,hook-set,manual,,placeholder,hook set,cases/industrial-and-scientific/fasteners/hook-set/,Derived product type
industrial-and-scientific.filtration,industrial-and-scientific,L2,Filtration,过滤产品,filtration,user_screenshot/manual,,planned,filter cartridge; air filter panel,cases/industrial-and-scientific/filtration/,Generic examples only
industrial-and-scientific.filtration.filter-cartridge,industrial-and-scientific.filtration,L4,Filter Cartridge,,filter-cartridge,manual,,placeholder,filter cartridge,cases/industrial-and-scientific/filtration/filter-cartridge/,Derived product type
industrial-and-scientific.filtration.air-filter-panel,industrial-and-scientific.filtration,L4,Air Filter Panel,,air-filter-panel,manual,,placeholder,air filter panel,cases/industrial-and-scientific/filtration/air-filter-panel/,Derived product type
industrial-and-scientific.food-service-equipment-and-supplies,industrial-and-scientific,L2,Food Service Equipment & Supplies,餐饮服务设备与用品,food-service-equipment-and-supplies,user_screenshot/manual,,planned,disposable gloves box; storage container concept,cases/industrial-and-scientific/food-service-equipment-and-supplies/,Generic examples only
industrial-and-scientific.food-service-equipment-and-supplies.disposable-gloves-box,industrial-and-scientific.food-service-equipment-and-supplies,L4,Disposable Gloves Box,,disposable-gloves-box,manual,,placeholder,disposable gloves box,cases/industrial-and-scientific/food-service-equipment-and-supplies/disposable-gloves-box/,Derived product type
industrial-and-scientific.food-service-equipment-and-supplies.storage-container-concept,industrial-and-scientific.food-service-equipment-and-supplies,L4,Storage Container Concept,,storage-container-concept,manual,,placeholder,storage container concept,cases/industrial-and-scientific/food-service-equipment-and-supplies/storage-container-concept/,Derived product type
industrial-and-scientific.janitorial-and-sanitation-supplies,industrial-and-scientific,L2,Janitorial & Sanitation Supplies,清洁与卫生用品,janitorial-and-sanitation-supplies,user_screenshot/manual,,planned,paper towels bulk; sanitation wipe bundle,cases/industrial-and-scientific/janitorial-and-sanitation-supplies/,Generic examples only
industrial-and-scientific.janitorial-and-sanitation-supplies.paper-towels-bulk,industrial-and-scientific.janitorial-and-sanitation-supplies,L4,Paper Towels Bulk,,paper-towels-bulk,manual,,placeholder,paper towels bulk,cases/industrial-and-scientific/janitorial-and-sanitation-supplies/paper-towels-bulk/,Derived product type
industrial-and-scientific.janitorial-and-sanitation-supplies.sanitation-wipe-bundle,industrial-and-scientific.janitorial-and-sanitation-supplies,L4,Sanitation Wipe Bundle,,sanitation-wipe-bundle,manual,,placeholder,sanitation wipe bundle,cases/industrial-and-scientific/janitorial-and-sanitation-supplies/sanitation-wipe-bundle/,Derived product type
industrial-and-scientific.lab-and-scientific-products,industrial-and-scientific,L2,Lab & Scientific Products,实验室与科研产品,lab-and-scientific-products,user_screenshot/manual,,planned,test tube kit; lab gloves,cases/industrial-and-scientific/lab-and-scientific-products/,Generic examples only
industrial-and-scientific.lab-and-scientific-products.test-tube-kit,industrial-and-scientific.lab-and-scientific-products,L4,Test Tube Kit,,test-tube-kit,manual,,placeholder,test tube kit,cases/industrial-and-scientific/lab-and-scientific-products/test-tube-kit/,Derived product type
industrial-and-scientific.lab-and-scientific-products.lab-gloves,industrial-and-scientific.lab-and-scientific-products,L4,Lab Gloves,,lab-gloves,manual,,placeholder,lab gloves,cases/industrial-and-scientific/lab-and-scientific-products/lab-gloves/,Derived product type
industrial-and-scientific.occupational-health-and-safety-products,industrial-and-scientific,L2,Occupational Health & Safety Products,职业健康与安全产品,occupational-health-and-safety-products,user_screenshot/manual,,planned,nitrile gloves box; safety glasses concept,cases/industrial-and-scientific/occupational-health-and-safety-products/,Generic examples only
industrial-and-scientific.occupational-health-and-safety-products.nitrile-gloves-box,industrial-and-scientific.occupational-health-and-safety-products,L4,Nitrile Gloves Box,,nitrile-gloves-box,manual,,placeholder,nitrile gloves box,cases/industrial-and-scientific/occupational-health-and-safety-products/nitrile-gloves-box/,Derived product type
industrial-and-scientific.occupational-health-and-safety-products.safety-glasses-concept,industrial-and-scientific.occupational-health-and-safety-products,L4,Safety Glasses Concept,,safety-glasses-concept,manual,,placeholder,safety glasses concept,cases/industrial-and-scientific/occupational-health-and-safety-products/safety-glasses-concept/,Derived product type
industrial-and-scientific.packaging-and-shipping-supplies,industrial-and-scientific,L2,Packaging & Shipping Supplies,包装与运输用品,packaging-and-shipping-supplies,user_screenshot/manual,,planned,mailing bag pack; shipping labels,cases/industrial-and-scientific/packaging-and-shipping-supplies/,Generic examples only
industrial-and-scientific.packaging-and-shipping-supplies.mailing-bag-pack,industrial-and-scientific.packaging-and-shipping-supplies,L4,Mailing Bag Pack,,mailing-bag-pack,manual,,placeholder,mailing bag pack,cases/industrial-and-scientific/packaging-and-shipping-supplies/mailing-bag-pack/,Derived product type
industrial-and-scientific.packaging-and-shipping-supplies.shipping-labels,industrial-and-scientific.packaging-and-shipping-supplies,L4,Shipping Labels,,shipping-labels,manual,,placeholder,shipping labels,cases/industrial-and-scientific/packaging-and-shipping-supplies/shipping-labels/,Derived product type
industrial-and-scientific.power-and-hand-tools,industrial-and-scientific,L2,Power & Hand Tools,电动与手动工具,power-and-hand-tools,user_screenshot/manual,,planned,digital caliper concept; utility knife,cases/industrial-and-scientific/power-and-hand-tools/,Generic examples only
industrial-and-scientific.power-and-hand-tools.digital-caliper-concept,industrial-and-scientific.power-and-hand-tools,L4,Digital Caliper Concept,,digital-caliper-concept,manual,,placeholder,digital caliper concept,cases/industrial-and-scientific/power-and-hand-tools/digital-caliper-concept/,Derived product type
industrial-and-scientific.power-and-hand-tools.utility-knife,industrial-and-scientific.power-and-hand-tools,L4,Utility Knife,,utility-knife,manual,,placeholder,utility knife,cases/industrial-and-scientific/power-and-hand-tools/utility-knife/,Derived product type
industrial-and-scientific.test-measure-and-inspect,industrial-and-scientific,L2,"Test, Measure & Inspect",测试、测量与检测,test-measure-and-inspect,user_screenshot/manual,,planned,digital caliper concept; inspection gauge,cases/industrial-and-scientific/test-measure-and-inspect/,Generic examples only
industrial-and-scientific.test-measure-and-inspect.digital-caliper-concept,industrial-and-scientific.test-measure-and-inspect,L4,Digital Caliper Concept,,digital-caliper-concept,manual,,placeholder,digital caliper concept,cases/industrial-and-scientific/test-measure-and-inspect/digital-caliper-concept/,Derived product type
industrial-and-scientific.test-measure-and-inspect.inspection-gauge,industrial-and-scientific.test-measure-and-inspect,L4,Inspection Gauge,,inspection-gauge,manual,,placeholder,inspection gauge,cases/industrial-and-scientific/test-measure-and-inspect/inspection-gauge/,Derived product type
kitchen-and-dining,amazon-best-sellers,L1,Kitchen & Dining,厨房与餐饮,kitchen-and-dining,user_screenshot/manual,,in_progress,baking pan set; insulated tumbler; coffee maker concept; frying pan concept; serving tray concept,cases/kitchen-and-dining/,Public generic taxonomy
kitchen-and-dining.bakeware,kitchen-and-dining,L2,Bakeware,烘焙器具,bakeware,user_screenshot/manual,,planned,baking pan set; silicone baking mat,cases/kitchen-and-dining/bakeware/,Generic examples only
kitchen-and-dining.bakeware.baking-pan-set,kitchen-and-dining.bakeware,L4,Baking Pan Set,,baking-pan-set,manual,,placeholder,baking pan set,cases/kitchen-and-dining/bakeware/baking-pan-set/,Derived product type
kitchen-and-dining.bakeware.silicone-baking-mat,kitchen-and-dining.bakeware,L4,Silicone Baking Mat,,silicone-baking-mat,manual,,placeholder,silicone baking mat,cases/kitchen-and-dining/bakeware/silicone-baking-mat/,Derived product type
kitchen-and-dining.bar-tools-and-drinkware,kitchen-and-dining,L2,Bar Tools & Drinkware,酒吧工具与饮具,bar-tools-and-drinkware,user_screenshot/manual,,planned,insulated tumbler; cocktail shaker,cases/kitchen-and-dining/bar-tools-and-drinkware/,Generic examples only
kitchen-and-dining.bar-tools-and-drinkware.insulated-tumbler,kitchen-and-dining.bar-tools-and-drinkware,L4,Insulated Tumbler,,insulated-tumbler,manual,,placeholder,insulated tumbler,cases/kitchen-and-dining/bar-tools-and-drinkware/insulated-tumbler/,Derived product type
kitchen-and-dining.bar-tools-and-drinkware.cocktail-shaker,kitchen-and-dining.bar-tools-and-drinkware,L4,Cocktail Shaker,,cocktail-shaker,manual,,placeholder,cocktail shaker,cases/kitchen-and-dining/bar-tools-and-drinkware/cocktail-shaker/,Derived product type
kitchen-and-dining.coffee-tea-and-espresso-appliances,kitchen-and-dining,L2,"Coffee, Tea & Espresso Appliances",咖啡茶饮与浓缩设备,coffee-tea-and-espresso-appliances,user_screenshot/manual,,planned,coffee maker concept; tea kettle,cases/kitchen-and-dining/coffee-tea-and-espresso-appliances/,Generic examples only
kitchen-and-dining.coffee-tea-and-espresso-appliances.coffee-maker-concept,kitchen-and-dining.coffee-tea-and-espresso-appliances,L4,Coffee Maker Concept,,coffee-maker-concept,manual,,placeholder,coffee maker concept,cases/kitchen-and-dining/coffee-tea-and-espresso-appliances/coffee-maker-concept/,Derived product type
kitchen-and-dining.coffee-tea-and-espresso-appliances.tea-kettle,kitchen-and-dining.coffee-tea-and-espresso-appliances,L4,Tea Kettle,,tea-kettle,manual,,placeholder,tea kettle,cases/kitchen-and-dining/coffee-tea-and-espresso-appliances/tea-kettle/,Derived product type
kitchen-and-dining.cookware,kitchen-and-dining,L2,Cookware,炊具,cookware,user_screenshot/manual,,planned,frying pan concept; pot set,cases/kitchen-and-dining/cookware/,Generic examples only
kitchen-and-dining.cookware.frying-pan-concept,kitchen-and-dining.cookware,L4,Frying Pan Concept,,frying-pan-concept,manual,,placeholder,frying pan concept,cases/kitchen-and-dining/cookware/frying-pan-concept/,Derived product type
kitchen-and-dining.cookware.pot-set,kitchen-and-dining.cookware,L4,Pot Set,,pot-set,manual,,placeholder,pot set,cases/kitchen-and-dining/cookware/pot-set/,Derived product type
kitchen-and-dining.dining-and-entertaining,kitchen-and-dining,L2,Dining & Entertaining,餐桌与宴客用品,dining-and-entertaining,user_screenshot/manual,,planned,serving tray concept; plates set,cases/kitchen-and-dining/dining-and-entertaining/,Generic examples only
kitchen-and-dining.dining-and-entertaining.serving-tray-concept,kitchen-and-dining.dining-and-entertaining,L4,Serving Tray Concept,,serving-tray-concept,manual,,placeholder,serving tray concept,cases/kitchen-and-dining/dining-and-entertaining/serving-tray-concept/,Derived product type
kitchen-and-dining.dining-and-entertaining.plates-set,kitchen-and-dining.dining-and-entertaining,L4,Plates Set,,plates-set,manual,,placeholder,plates set,cases/kitchen-and-dining/dining-and-entertaining/plates-set/,Derived product type
kitchen-and-dining.glassware-and-drinkware,kitchen-and-dining,L2,Glassware & Drinkware,玻璃器皿与饮具,glassware-and-drinkware,user_screenshot/manual,,planned,water bottle; travel mug,cases/kitchen-and-dining/glassware-and-drinkware/,Generic examples only
kitchen-and-dining.glassware-and-drinkware.water-bottle,kitchen-and-dining.glassware-and-drinkware,L4,Water Bottle,,water-bottle,manual,,placeholder,water bottle,cases/kitchen-and-dining/glassware-and-drinkware/water-bottle/,Derived product type
kitchen-and-dining.glassware-and-drinkware.travel-mug,kitchen-and-dining.glassware-and-drinkware,L4,Travel Mug,,travel-mug,manual,,placeholder,travel mug,cases/kitchen-and-dining/glassware-and-drinkware/travel-mug/,Derived product type
kitchen-and-dining.kitchen-and-table-linens,kitchen-and-dining,L2,Kitchen & Table Linens,厨房与餐桌布艺,kitchen-and-table-linens,user_screenshot/manual,,planned,dish cloths pack; oven mitts,cases/kitchen-and-dining/kitchen-and-table-linens/,Generic examples only
kitchen-and-dining.kitchen-and-table-linens.dish-cloths-pack,kitchen-and-dining.kitchen-and-table-linens,L4,Dish Cloths Pack,,dish-cloths-pack,manual,,placeholder,dish cloths pack,cases/kitchen-and-dining/kitchen-and-table-linens/dish-cloths-pack/,Derived product type
kitchen-and-dining.kitchen-and-table-linens.oven-mitts,kitchen-and-dining.kitchen-and-table-linens,L4,Oven Mitts,,oven-mitts,manual,,placeholder,oven mitts,cases/kitchen-and-dining/kitchen-and-table-linens/oven-mitts/,Derived product type
kitchen-and-dining.kitchen-utensils-and-gadgets,kitchen-and-dining,L2,Kitchen Utensils & Gadgets,厨房用具与小工具,kitchen-utensils-and-gadgets,user_screenshot/manual,,planned,meat thermometer; kitchen scale,cases/kitchen-and-dining/kitchen-utensils-and-gadgets/,Generic examples only
kitchen-and-dining.kitchen-utensils-and-gadgets.meat-thermometer,kitchen-and-dining.kitchen-utensils-and-gadgets,L4,Meat Thermometer,,meat-thermometer,manual,,placeholder,meat thermometer,cases/kitchen-and-dining/kitchen-utensils-and-gadgets/meat-thermometer/,Derived product type
kitchen-and-dining.kitchen-utensils-and-gadgets.kitchen-scale,kitchen-and-dining.kitchen-utensils-and-gadgets,L4,Kitchen Scale,,kitchen-scale,manual,,placeholder,kitchen scale,cases/kitchen-and-dining/kitchen-utensils-and-gadgets/kitchen-scale/,Derived product type
kitchen-and-dining.small-appliances,kitchen-and-dining,L2,Small Appliances,小家电,small-appliances,user_screenshot/manual,,planned,toaster; personal blender,cases/kitchen-and-dining/small-appliances/,Generic examples only
kitchen-and-dining.small-appliances.toaster,kitchen-and-dining.small-appliances,L4,Toaster,,toaster,manual,,placeholder,toaster,cases/kitchen-and-dining/small-appliances/toaster/,Derived product type
kitchen-and-dining.small-appliances.personal-blender,kitchen-and-dining.small-appliances,L4,Personal Blender,,personal-blender,manual,,placeholder,personal blender,cases/kitchen-and-dining/small-appliances/personal-blender/,Derived product type
kitchen-and-dining.storage-and-organization,kitchen-and-dining,L2,Storage & Organization,收纳整理,storage-and-organization,user_screenshot/manual,,planned,food storage containers; spice organizer,cases/kitchen-and-dining/storage-and-organization/,Generic examples only
kitchen-and-dining.storage-and-organization.food-storage-containers,kitchen-and-dining.storage-and-organization,L4,Food Storage Containers,,food-storage-containers,manual,,placeholder,food storage containers,cases/kitchen-and-dining/storage-and-organization/food-storage-containers/,Derived product type
kitchen-and-dining.storage-and-organization.spice-organizer,kitchen-and-dining.storage-and-organization,L4,Spice Organizer,,spice-organizer,manual,,placeholder,spice organizer,cases/kitchen-and-dining/storage-and-organization/spice-organizer/,Derived product type
kitchen-and-dining.wine-accessories,kitchen-and-dining,L2,Wine Accessories,葡萄酒配件,wine-accessories,user_screenshot/manual,,planned,wine opener; aerator concept,cases/kitchen-and-dining/wine-accessories/,Generic examples only
kitchen-and-dining.wine-accessories.wine-opener,kitchen-and-dining.wine-accessories,L4,Wine Opener,,wine-opener,manual,,placeholder,wine opener,cases/kitchen-and-dining/wine-accessories/wine-opener/,Derived product type
kitchen-and-dining.wine-accessories.aerator-concept,kitchen-and-dining.wine-accessories,L4,Aerator Concept,,aerator-concept,manual,,placeholder,aerator concept,cases/kitchen-and-dining/wine-accessories/aerator-concept/,Derived product type
musical-instruments,amazon-best-sellers,L1,Musical Instruments,乐器,musical-instruments,user_screenshot/manual,,in_progress,guitar amplifier; violin accessory; bass guitar strings; karaoke microphone; drum sticks,cases/musical-instruments/,Public generic taxonomy
musical-instruments.amplifiers-and-effects,musical-instruments,L2,Amplifiers & Effects,音箱与效果器,amplifiers-and-effects,user_screenshot/manual,,planned,guitar amplifier; pedal effect,cases/musical-instruments/amplifiers-and-effects/,Generic examples only
musical-instruments.amplifiers-and-effects.guitar-amplifier,musical-instruments.amplifiers-and-effects,L4,Guitar Amplifier,,guitar-amplifier,manual,,placeholder,guitar amplifier,cases/musical-instruments/amplifiers-and-effects/guitar-amplifier/,Derived product type
musical-instruments.amplifiers-and-effects.pedal-effect,musical-instruments.amplifiers-and-effects,L4,Pedal Effect,,pedal-effect,manual,,placeholder,pedal effect,cases/musical-instruments/amplifiers-and-effects/pedal-effect/,Derived product type
musical-instruments.band-and-orchestra,musical-instruments,L2,Band & Orchestra,管弦乐与乐队乐器,band-and-orchestra,user_screenshot/manual,,planned,violin accessory; music stand,cases/musical-instruments/band-and-orchestra/,Generic examples only
musical-instruments.band-and-orchestra.violin-accessory,musical-instruments.band-and-orchestra,L4,Violin Accessory,,violin-accessory,manual,,placeholder,violin accessory,cases/musical-instruments/band-and-orchestra/violin-accessory/,Derived product type
musical-instruments.band-and-orchestra.music-stand,musical-instruments.band-and-orchestra,L4,Music Stand,,music-stand,manual,,placeholder,music stand,cases/musical-instruments/band-and-orchestra/music-stand/,Derived product type
musical-instruments.bass-guitars,musical-instruments,L2,Bass Guitars,贝斯吉他,bass-guitars,user_screenshot/manual,,planned,bass guitar strings; bass pick set,cases/musical-instruments/bass-guitars/,Generic examples only
musical-instruments.bass-guitars.bass-guitar-strings,musical-instruments.bass-guitars,L4,Bass Guitar Strings,,bass-guitar-strings,manual,,placeholder,bass guitar strings,cases/musical-instruments/bass-guitars/bass-guitar-strings/,Derived product type
musical-instruments.bass-guitars.bass-pick-set,musical-instruments.bass-guitars,L4,Bass Pick Set,,bass-pick-set,manual,,placeholder,bass pick set,cases/musical-instruments/bass-guitars/bass-pick-set/,Derived product type
musical-instruments.dj-electronic-music-and-karaoke,musical-instruments,L2,"DJ, Electronic Music & Karaoke",DJ、电子音乐与卡拉OK,dj-electronic-music-and-karaoke,user_screenshot/manual,,planned,karaoke microphone; party bubble machine,cases/musical-instruments/dj-electronic-music-and-karaoke/,Generic examples only
musical-instruments.dj-electronic-music-and-karaoke.karaoke-microphone,musical-instruments.dj-electronic-music-and-karaoke,L4,Karaoke Microphone,,karaoke-microphone,manual,,placeholder,karaoke microphone,cases/musical-instruments/dj-electronic-music-and-karaoke/karaoke-microphone/,Derived product type
musical-instruments.dj-electronic-music-and-karaoke.party-bubble-machine,musical-instruments.dj-electronic-music-and-karaoke,L4,Party Bubble Machine,,party-bubble-machine,manual,,placeholder,party bubble machine,cases/musical-instruments/dj-electronic-music-and-karaoke/party-bubble-machine/,Derived product type
musical-instruments.drums-and-percussion,musical-instruments,L2,Drums & Percussion,鼓与打击乐,drums-and-percussion,user_screenshot/manual,,planned,drum sticks; practice pad,cases/musical-instruments/drums-and-percussion/,Generic examples only
musical-instruments.drums-and-percussion.drum-sticks,musical-instruments.drums-and-percussion,L4,Drum Sticks,,drum-sticks,manual,,placeholder,drum sticks,cases/musical-instruments/drums-and-percussion/drum-sticks/,Derived product type
musical-instruments.drums-and-percussion.practice-pad,musical-instruments.drums-and-percussion,L4,Practice Pad,,practice-pad,manual,,placeholder,practice pad,cases/musical-instruments/drums-and-percussion/practice-pad/,Derived product type
musical-instruments.guitars,musical-instruments,L2,Guitars,吉他,guitars,user_screenshot/manual,,planned,acoustic guitar strings; guitar picks,cases/musical-instruments/guitars/,Generic examples only
musical-instruments.guitars.acoustic-guitar-strings,musical-instruments.guitars,L4,Acoustic Guitar Strings,,acoustic-guitar-strings,manual,,placeholder,acoustic guitar strings,cases/musical-instruments/guitars/acoustic-guitar-strings/,Derived product type
musical-instruments.guitars.guitar-picks,musical-instruments.guitars,L4,Guitar Picks,,guitar-picks,manual,,placeholder,guitar picks,cases/musical-instruments/guitars/guitar-picks/,Derived product type
musical-instruments.instrument-accessories,musical-instruments,L2,Instrument Accessories,乐器配件,instrument-accessories,user_screenshot/manual,,planned,instrument cable; clip-on tuner,cases/musical-instruments/instrument-accessories/,Generic examples only
musical-instruments.instrument-accessories.instrument-cable,musical-instruments.instrument-accessories,L4,Instrument Cable,,instrument-cable,manual,,placeholder,instrument cable,cases/musical-instruments/instrument-accessories/instrument-cable/,Derived product type
musical-instruments.instrument-accessories.clip-on-tuner,musical-instruments.instrument-accessories,L4,Clip-On Tuner,,clip-on-tuner,manual,,placeholder,clip-on tuner,cases/musical-instruments/instrument-accessories/clip-on-tuner/,Derived product type
musical-instruments.keyboards,musical-instruments,L2,Keyboards,键盘乐器,keyboards,user_screenshot/manual,,planned,keyboard stand; sustain pedal,cases/musical-instruments/keyboards/,Generic examples only
musical-instruments.keyboards.keyboard-stand,musical-instruments.keyboards,L4,Keyboard Stand,,keyboard-stand,manual,,placeholder,keyboard stand,cases/musical-instruments/keyboards/keyboard-stand/,Derived product type
musical-instruments.keyboards.sustain-pedal,musical-instruments.keyboards,L4,Sustain Pedal,,sustain-pedal,manual,,placeholder,sustain pedal,cases/musical-instruments/keyboards/sustain-pedal/,Derived product type
musical-instruments.live-sound-and-stage,musical-instruments,L2,Live Sound & Stage,现场音响与舞台,live-sound-and-stage,user_screenshot/manual,,planned,wireless microphone; lavalier microphone,cases/musical-instruments/live-sound-and-stage/,Generic examples only
musical-instruments.live-sound-and-stage.wireless-microphone,musical-instruments.live-sound-and-stage,L4,Wireless Microphone,,wireless-microphone,manual,,placeholder,wireless microphone,cases/musical-instruments/live-sound-and-stage/wireless-microphone/,Derived product type
musical-instruments.live-sound-and-stage.lavalier-microphone,musical-instruments.live-sound-and-stage,L4,Lavalier Microphone,,lavalier-microphone,manual,,placeholder,lavalier microphone,cases/musical-instruments/live-sound-and-stage/lavalier-microphone/,Derived product type
musical-instruments.recording-equipment,musical-instruments,L2,Recording Equipment,录音设备,recording-equipment,user_screenshot/manual,,planned,wireless lavalier microphone; studio headphones,cases/musical-instruments/recording-equipment/,Generic examples only
musical-instruments.recording-equipment.wireless-lavalier-microphone,musical-instruments.recording-equipment,L4,Wireless Lavalier Microphone,,wireless-lavalier-microphone,manual,,placeholder,wireless lavalier microphone,cases/musical-instruments/recording-equipment/wireless-lavalier-microphone/,Derived product type
musical-instruments.recording-equipment.studio-headphones,musical-instruments.recording-equipment,L4,Studio Headphones,,studio-headphones,manual,,placeholder,studio headphones,cases/musical-instruments/recording-equipment/studio-headphones/,Derived product type
musical-instruments.ukuleles-mandolins-and-banjos,musical-instruments,L2,"Ukuleles, Mandolins & Banjos",尤克里里、曼陀林与班卓,ukuleles-mandolins-and-banjos,user_screenshot/manual,,planned,ukulele strings; ukulele tuner,cases/musical-instruments/ukuleles-mandolins-and-banjos/,Generic examples only
musical-instruments.ukuleles-mandolins-and-banjos.ukulele-strings,musical-instruments.ukuleles-mandolins-and-banjos,L4,Ukulele Strings,,ukulele-strings,manual,,placeholder,ukulele strings,cases/musical-instruments/ukuleles-mandolins-and-banjos/ukulele-strings/,Derived product type
musical-instruments.ukuleles-mandolins-and-banjos.ukulele-tuner,musical-instruments.ukuleles-mandolins-and-banjos,L4,Ukulele Tuner,,ukulele-tuner,manual,,placeholder,ukulele tuner,cases/musical-instruments/ukuleles-mandolins-and-banjos/ukulele-tuner/,Derived product type
office-products,amazon-best-sellers,L1,Office Products,办公用品,office-products,user_screenshot/manual,,in_progress,permanent markers; mailer envelopes; printer ink cartridge; desk organizer; desk lamp,cases/office-products/,Public generic taxonomy
office-products.education-and-crafts,office-products,L2,Education & Crafts,教育与手工,education-and-crafts,user_screenshot/manual,,planned,permanent markers; acrylic paint markers; file folders,cases/office-products/education-and-crafts/,Generic examples only
office-products.education-and-crafts.permanent-markers,office-products.education-and-crafts,L4,Permanent Markers,,permanent-markers,manual,,placeholder,permanent markers,cases/office-products/education-and-crafts/permanent-markers/,Derived product type
office-products.education-and-crafts.acrylic-paint-markers,office-products.education-and-crafts,L4,Acrylic Paint Markers,,acrylic-paint-markers,manual,,placeholder,acrylic paint markers,cases/office-products/education-and-crafts/acrylic-paint-markers/,Derived product type
office-products.education-and-crafts.file-folders,office-products.education-and-crafts,L4,File Folders,,file-folders,manual,,placeholder,file folders,cases/office-products/education-and-crafts/file-folders/,Derived product type
office-products.envelopes-mailers-and-shipping-supplies,office-products,L2,"Envelopes, Mailers & Shipping Supplies",信封、邮寄袋与运输用品,envelopes-mailers-and-shipping-supplies,user_screenshot/manual,,planned,mailer envelopes; shipping labels; packing tape,cases/office-products/envelopes-mailers-and-shipping-supplies/,Generic examples only
office-products.envelopes-mailers-and-shipping-supplies.mailer-envelopes,office-products.envelopes-mailers-and-shipping-supplies,L4,Mailer Envelopes,,mailer-envelopes,manual,,placeholder,mailer envelopes,cases/office-products/envelopes-mailers-and-shipping-supplies/mailer-envelopes/,Derived product type
office-products.envelopes-mailers-and-shipping-supplies.shipping-labels,office-products.envelopes-mailers-and-shipping-supplies,L4,Shipping Labels,,shipping-labels,manual,,placeholder,shipping labels,cases/office-products/envelopes-mailers-and-shipping-supplies/shipping-labels/,Derived product type
office-products.envelopes-mailers-and-shipping-supplies.packing-tape,office-products.envelopes-mailers-and-shipping-supplies,L4,Packing Tape,,packing-tape,manual,,placeholder,packing tape,cases/office-products/envelopes-mailers-and-shipping-supplies/packing-tape/,Derived product type
office-products.office-electronics,office-products,L2,Office Electronics,办公电子,office-electronics,user_screenshot/manual,,planned,printer ink cartridge; label maker,cases/office-products/office-electronics/,Generic examples only
office-products.office-electronics.printer-ink-cartridge,office-products.office-electronics,L4,Printer Ink Cartridge,,printer-ink-cartridge,manual,,placeholder,printer ink cartridge,cases/office-products/office-electronics/printer-ink-cartridge/,Derived product type
office-products.office-electronics.label-maker,office-products.office-electronics,L4,Label Maker,,label-maker,manual,,placeholder,label maker,cases/office-products/office-electronics/label-maker/,Derived product type
office-products.office-furniture-and-accessories,office-products,L2,Office Furniture & Accessories,办公家具与配件,office-furniture-and-accessories,user_screenshot/manual,,planned,desk organizer; monitor stand,cases/office-products/office-furniture-and-accessories/,Generic examples only
office-products.office-furniture-and-accessories.desk-organizer,office-products.office-furniture-and-accessories,L4,Desk Organizer,,desk-organizer,manual,,placeholder,desk organizer,cases/office-products/office-furniture-and-accessories/desk-organizer/,Derived product type
office-products.office-furniture-and-accessories.monitor-stand,office-products.office-furniture-and-accessories,L4,Monitor Stand,,monitor-stand,manual,,placeholder,monitor stand,cases/office-products/office-furniture-and-accessories/monitor-stand/,Derived product type
office-products.office-lighting,office-products,L2,Office Lighting,办公照明,office-lighting,user_screenshot/manual,,planned,desk lamp; LED task light,cases/office-products/office-lighting/,Generic examples only
office-products.office-lighting.desk-lamp,office-products.office-lighting,L4,Desk Lamp,,desk-lamp,manual,,placeholder,desk lamp,cases/office-products/office-lighting/desk-lamp/,Derived product type
office-products.office-lighting.led-task-light,office-products.office-lighting,L4,Led Task Light,,led-task-light,manual,,placeholder,LED task light,cases/office-products/office-lighting/led-task-light/,Derived product type
office-products.office-supplies,office-products,L2,Office Supplies,办公耗材,office-supplies,user_screenshot/manual,,planned,copy paper; writing notepad,cases/office-products/office-supplies/,Generic examples only
office-products.office-supplies.copy-paper,office-products.office-supplies,L4,Copy Paper,,copy-paper,manual,,placeholder,copy paper,cases/office-products/office-supplies/copy-paper/,Derived product type
office-products.office-supplies.writing-notepad,office-products.office-supplies,L4,Writing Notepad,,writing-notepad,manual,,placeholder,writing notepad,cases/office-products/office-supplies/writing-notepad/,Derived product type
office-products.presentation-boards,office-products,L2,Presentation Boards,展示板,presentation-boards,user_screenshot/manual,,planned,poster board; presentation board,cases/office-products/presentation-boards/,Generic examples only
office-products.presentation-boards.poster-board,office-products.presentation-boards,L4,Poster Board,,poster-board,manual,,placeholder,poster board,cases/office-products/presentation-boards/poster-board/,Derived product type
office-products.presentation-boards.presentation-board,office-products.presentation-boards,L4,Presentation Board,,presentation-board,manual,,placeholder,presentation board,cases/office-products/presentation-boards/presentation-board/,Derived product type
patio-lawn-and-garden,amazon-best-sellers,L1,"Patio, Lawn & Garden",庭院、草坪与园艺,patio-lawn-and-garden,user_screenshot/manual,,in_progress,bat house; farm gate accessory; garden seeds; portable generator; grill tool set,cases/patio-lawn-and-garden/,Public generic taxonomy
patio-lawn-and-garden.backyard-birding-and-wildlife,patio-lawn-and-garden,L2,Backyard Birding & Wildlife,后院观鸟与野生动物用品,backyard-birding-and-wildlife,user_screenshot/manual,,planned,bat house; bird feeder; insect hotel,cases/patio-lawn-and-garden/backyard-birding-and-wildlife/,Generic examples only
patio-lawn-and-garden.backyard-birding-and-wildlife.bat-house,patio-lawn-and-garden.backyard-birding-and-wildlife,L4,Bat House,,bat-house,manual,,placeholder,bat house,cases/patio-lawn-and-garden/backyard-birding-and-wildlife/bat-house/,Derived product type
patio-lawn-and-garden.backyard-birding-and-wildlife.bird-feeder,patio-lawn-and-garden.backyard-birding-and-wildlife,L4,Bird Feeder,,bird-feeder,manual,,placeholder,bird feeder,cases/patio-lawn-and-garden/backyard-birding-and-wildlife/bird-feeder/,Derived product type
patio-lawn-and-garden.backyard-birding-and-wildlife.insect-hotel,patio-lawn-and-garden.backyard-birding-and-wildlife,L4,Insect Hotel,,insect-hotel,manual,,placeholder,insect hotel,cases/patio-lawn-and-garden/backyard-birding-and-wildlife/insect-hotel/,Derived product type
patio-lawn-and-garden.farm-and-ranch,patio-lawn-and-garden,L2,Farm & Ranch,农场与牧场,farm-and-ranch,user_screenshot/manual,,planned,farm gate accessory; ranch tool,cases/patio-lawn-and-garden/farm-and-ranch/,Generic examples only
patio-lawn-and-garden.farm-and-ranch.farm-gate-accessory,patio-lawn-and-garden.farm-and-ranch,L4,Farm Gate Accessory,,farm-gate-accessory,manual,,placeholder,farm gate accessory,cases/patio-lawn-and-garden/farm-and-ranch/farm-gate-accessory/,Derived product type
patio-lawn-and-garden.farm-and-ranch.ranch-tool,patio-lawn-and-garden.farm-and-ranch,L4,Ranch Tool,,ranch-tool,manual,,placeholder,ranch tool,cases/patio-lawn-and-garden/farm-and-ranch/ranch-tool/,Derived product type
patio-lawn-and-garden.gardening,patio-lawn-and-garden,L2,Gardening,园艺,gardening,user_screenshot/manual,,planned,garden seeds; plant food; garden sprayer,cases/patio-lawn-and-garden/gardening/,Generic examples only
patio-lawn-and-garden.gardening.garden-seeds,patio-lawn-and-garden.gardening,L4,Garden Seeds,,garden-seeds,manual,,placeholder,garden seeds,cases/patio-lawn-and-garden/gardening/garden-seeds/,Derived product type
patio-lawn-and-garden.gardening.plant-food,patio-lawn-and-garden.gardening,L4,Plant Food,,plant-food,manual,,placeholder,plant food,cases/patio-lawn-and-garden/gardening/plant-food/,Derived product type
patio-lawn-and-garden.gardening.garden-sprayer,patio-lawn-and-garden.gardening,L4,Garden Sprayer,,garden-sprayer,manual,,placeholder,garden sprayer,cases/patio-lawn-and-garden/gardening/garden-sprayer/,Derived product type
patio-lawn-and-garden.generators-and-portable-power,patio-lawn-and-garden,L2,Generators & Portable Power,发电机与便携电源,generators-and-portable-power,user_screenshot/manual,,planned,portable generator; solar power station,cases/patio-lawn-and-garden/generators-and-portable-power/,Generic examples only
patio-lawn-and-garden.generators-and-portable-power.portable-generator,patio-lawn-and-garden.generators-and-portable-power,L4,Portable Generator,,portable-generator,manual,,placeholder,portable generator,cases/patio-lawn-and-garden/generators-and-portable-power/portable-generator/,Derived product type
patio-lawn-and-garden.generators-and-portable-power.solar-power-station,patio-lawn-and-garden.generators-and-portable-power,L4,Solar Power Station,,solar-power-station,manual,,placeholder,solar power station,cases/patio-lawn-and-garden/generators-and-portable-power/solar-power-station/,Derived product type
patio-lawn-and-garden.grills-and-outdoor-cooking,patio-lawn-and-garden,L2,Grills & Outdoor Cooking,烤炉与户外烹饪,grills-and-outdoor-cooking,user_screenshot/manual,,planned,grill tool set; meat thermometer,cases/patio-lawn-and-garden/grills-and-outdoor-cooking/,Generic examples only
patio-lawn-and-garden.grills-and-outdoor-cooking.grill-tool-set,patio-lawn-and-garden.grills-and-outdoor-cooking,L4,Grill Tool Set,,grill-tool-set,manual,,placeholder,grill tool set,cases/patio-lawn-and-garden/grills-and-outdoor-cooking/grill-tool-set/,Derived product type
patio-lawn-and-garden.grills-and-outdoor-cooking.meat-thermometer,patio-lawn-and-garden.grills-and-outdoor-cooking,L4,Meat Thermometer,,meat-thermometer,manual,,placeholder,meat thermometer,cases/patio-lawn-and-garden/grills-and-outdoor-cooking/meat-thermometer/,Derived product type
patio-lawn-and-garden.mowers-and-outdoor-power-tools,patio-lawn-and-garden,L2,Mowers & Outdoor Power Tools,割草机与户外电动工具,mowers-and-outdoor-power-tools,user_screenshot/manual,,planned,leaf blower; lawn mower accessory,cases/patio-lawn-and-garden/mowers-and-outdoor-power-tools/,Generic examples only
patio-lawn-and-garden.mowers-and-outdoor-power-tools.leaf-blower,patio-lawn-and-garden.mowers-and-outdoor-power-tools,L4,Leaf Blower,,leaf-blower,manual,,placeholder,leaf blower,cases/patio-lawn-and-garden/mowers-and-outdoor-power-tools/leaf-blower/,Derived product type
patio-lawn-and-garden.mowers-and-outdoor-power-tools.lawn-mower-accessory,patio-lawn-and-garden.mowers-and-outdoor-power-tools,L4,Lawn Mower Accessory,,lawn-mower-accessory,manual,,placeholder,lawn mower accessory,cases/patio-lawn-and-garden/mowers-and-outdoor-power-tools/lawn-mower-accessory/,Derived product type
patio-lawn-and-garden.outdoor-d-cor,patio-lawn-and-garden,L2,Outdoor Décor,户外装饰,outdoor-d-cor,user_screenshot/manual,,planned,garden lights; decorative planter,cases/patio-lawn-and-garden/outdoor-d-cor/,Generic examples only
patio-lawn-and-garden.outdoor-d-cor.garden-lights,patio-lawn-and-garden.outdoor-d-cor,L4,Garden Lights,,garden-lights,manual,,placeholder,garden lights,cases/patio-lawn-and-garden/outdoor-d-cor/garden-lights/,Derived product type
patio-lawn-and-garden.outdoor-d-cor.decorative-planter,patio-lawn-and-garden.outdoor-d-cor,L4,Decorative Planter,,decorative-planter,manual,,placeholder,decorative planter,cases/patio-lawn-and-garden/outdoor-d-cor/decorative-planter/,Derived product type
patio-lawn-and-garden.outdoor-heating,patio-lawn-and-garden,L2,Outdoor Heating,户外取暖,outdoor-heating,user_screenshot/manual,,planned,patio heater; fire pit cover,cases/patio-lawn-and-garden/outdoor-heating/,Generic examples only
patio-lawn-and-garden.outdoor-heating.patio-heater,patio-lawn-and-garden.outdoor-heating,L4,Patio Heater,,patio-heater,manual,,placeholder,patio heater,cases/patio-lawn-and-garden/outdoor-heating/patio-heater/,Derived product type
patio-lawn-and-garden.outdoor-heating.fire-pit-cover,patio-lawn-and-garden.outdoor-heating,L4,Fire Pit Cover,,fire-pit-cover,manual,,placeholder,fire pit cover,cases/patio-lawn-and-garden/outdoor-heating/fire-pit-cover/,Derived product type
patio-lawn-and-garden.outdoor-storage,patio-lawn-and-garden,L2,Outdoor Storage,户外收纳,outdoor-storage,user_screenshot/manual,,planned,deck storage box; garden hose reel,cases/patio-lawn-and-garden/outdoor-storage/,Generic examples only
patio-lawn-and-garden.outdoor-storage.deck-storage-box,patio-lawn-and-garden.outdoor-storage,L4,Deck Storage Box,,deck-storage-box,manual,,placeholder,deck storage box,cases/patio-lawn-and-garden/outdoor-storage/deck-storage-box/,Derived product type
patio-lawn-and-garden.outdoor-storage.garden-hose-reel,patio-lawn-and-garden.outdoor-storage,L4,Garden Hose Reel,,garden-hose-reel,manual,,placeholder,garden hose reel,cases/patio-lawn-and-garden/outdoor-storage/garden-hose-reel/,Derived product type
patio-lawn-and-garden.patio-furniture-and-accessories,patio-lawn-and-garden,L2,Patio Furniture & Accessories,庭院家具与配件,patio-furniture-and-accessories,user_screenshot/manual,,planned,patio chair cover; outdoor cushion,cases/patio-lawn-and-garden/patio-furniture-and-accessories/,Generic examples only
patio-lawn-and-garden.patio-furniture-and-accessories.patio-chair-cover,patio-lawn-and-garden.patio-furniture-and-accessories,L4,Patio Chair Cover,,patio-chair-cover,manual,,placeholder,patio chair cover,cases/patio-lawn-and-garden/patio-furniture-and-accessories/patio-chair-cover/,Derived product type
patio-lawn-and-garden.patio-furniture-and-accessories.outdoor-cushion,patio-lawn-and-garden.patio-furniture-and-accessories,L4,Outdoor Cushion,,outdoor-cushion,manual,,placeholder,outdoor cushion,cases/patio-lawn-and-garden/patio-furniture-and-accessories/outdoor-cushion/,Derived product type
patio-lawn-and-garden.pest-control,patio-lawn-and-garden,L2,Pest Control,害虫控制,pest-control,user_screenshot/manual,,planned,fly trap; mosquito dunks,cases/patio-lawn-and-garden/pest-control/,Generic examples only
patio-lawn-and-garden.pest-control.fly-trap,patio-lawn-and-garden.pest-control,L4,Fly Trap,,fly-trap,manual,,placeholder,fly trap,cases/patio-lawn-and-garden/pest-control/fly-trap/,Derived product type
patio-lawn-and-garden.pest-control.mosquito-dunks,patio-lawn-and-garden.pest-control,L4,Mosquito Dunks,,mosquito-dunks,manual,,placeholder,mosquito dunks,cases/patio-lawn-and-garden/pest-control/mosquito-dunks/,Derived product type
patio-lawn-and-garden.pools-hot-tubs-and-supplies,patio-lawn-and-garden,L2,"Pools, Hot Tubs & Supplies",泳池、热水浴缸与用品,pools-hot-tubs-and-supplies,user_screenshot/manual,,planned,pool shock; pool test strips,cases/patio-lawn-and-garden/pools-hot-tubs-and-supplies/,Generic examples only
patio-lawn-and-garden.pools-hot-tubs-and-supplies.pool-shock,patio-lawn-and-garden.pools-hot-tubs-and-supplies,L4,Pool Shock,,pool-shock,manual,,placeholder,pool shock,cases/patio-lawn-and-garden/pools-hot-tubs-and-supplies/pool-shock/,Derived product type
patio-lawn-and-garden.pools-hot-tubs-and-supplies.pool-test-strips,patio-lawn-and-garden.pools-hot-tubs-and-supplies,L4,Pool Test Strips,,pool-test-strips,manual,,placeholder,pool test strips,cases/patio-lawn-and-garden/pools-hot-tubs-and-supplies/pool-test-strips/,Derived product type
patio-lawn-and-garden.snow-removal,patio-lawn-and-garden,L2,Snow Removal,除雪用品,snow-removal,user_screenshot/manual,,planned,snow shovel; ice melt spreader,cases/patio-lawn-and-garden/snow-removal/,Generic examples only
patio-lawn-and-garden.snow-removal.snow-shovel,patio-lawn-and-garden.snow-removal,L4,Snow Shovel,,snow-shovel,manual,,placeholder,snow shovel,cases/patio-lawn-and-garden/snow-removal/snow-shovel/,Derived product type
patio-lawn-and-garden.snow-removal.ice-melt-spreader,patio-lawn-and-garden.snow-removal,L4,Ice Melt Spreader,,ice-melt-spreader,manual,,placeholder,ice melt spreader,cases/patio-lawn-and-garden/snow-removal/ice-melt-spreader/,Derived product type
pet-supplies,amazon-best-sellers,L1,Pet Supplies,宠物用品,pet-supplies,user_screenshot/manual,,in_progress,cat toy; dog leash; aquarium filter; bird feeder; hamster toy,cases/pet-supplies/,Public generic taxonomy
pet-supplies.cats,pet-supplies,L2,Cats,猫用品,cats,user_screenshot/manual,,planned,cat toy; cat water fountain; cat grooming brush,cases/pet-supplies/cats/,Generic examples only
pet-supplies.cats.cat-toy,pet-supplies.cats,L4,Cat Toy,,cat-toy,manual,,placeholder,cat toy,cases/pet-supplies/cats/cat-toy/,Derived product type
pet-supplies.cats.cat-water-fountain,pet-supplies.cats,L4,Cat Water Fountain,,cat-water-fountain,manual,,placeholder,cat water fountain,cases/pet-supplies/cats/cat-water-fountain/,Derived product type
pet-supplies.cats.cat-grooming-brush,pet-supplies.cats,L4,Cat Grooming Brush,,cat-grooming-brush,manual,,placeholder,cat grooming brush,cases/pet-supplies/cats/cat-grooming-brush/,Derived product type
pet-supplies.dogs,pet-supplies,L2,Dogs,狗用品,dogs,user_screenshot/manual,,planned,dog leash; dog harness; dog grooming brush,cases/pet-supplies/dogs/,Generic examples only
pet-supplies.dogs.dog-leash,pet-supplies.dogs,L4,Dog Leash,,dog-leash,manual,,placeholder,dog leash,cases/pet-supplies/dogs/dog-leash/,Derived product type
pet-supplies.dogs.dog-harness,pet-supplies.dogs,L4,Dog Harness,,dog-harness,manual,,placeholder,dog harness,cases/pet-supplies/dogs/dog-harness/,Derived product type
pet-supplies.dogs.dog-grooming-brush,pet-supplies.dogs,L4,Dog Grooming Brush,,dog-grooming-brush,manual,,placeholder,dog grooming brush,cases/pet-supplies/dogs/dog-grooming-brush/,Derived product type
pet-supplies.fish-and-aquatic-pets,pet-supplies,L2,Fish & Aquatic Pets,鱼与水族宠物,fish-and-aquatic-pets,user_screenshot/manual,,planned,aquarium filter; fish food; aquarium decoration,cases/pet-supplies/fish-and-aquatic-pets/,Generic examples only
pet-supplies.fish-and-aquatic-pets.aquarium-filter,pet-supplies.fish-and-aquatic-pets,L4,Aquarium Filter,,aquarium-filter,manual,,placeholder,aquarium filter,cases/pet-supplies/fish-and-aquatic-pets/aquarium-filter/,Derived product type
pet-supplies.fish-and-aquatic-pets.fish-food,pet-supplies.fish-and-aquatic-pets,L4,Fish Food,,fish-food,manual,,placeholder,fish food,cases/pet-supplies/fish-and-aquatic-pets/fish-food/,Derived product type
pet-supplies.fish-and-aquatic-pets.aquarium-decoration,pet-supplies.fish-and-aquatic-pets,L4,Aquarium Decoration,,aquarium-decoration,manual,,placeholder,aquarium decoration,cases/pet-supplies/fish-and-aquatic-pets/aquarium-decoration/,Derived product type
pet-supplies.birds,pet-supplies,L2,Birds,鸟用品,birds,user_screenshot/manual,,planned,bird feeder; bird cage accessory,cases/pet-supplies/birds/,Generic examples only
pet-supplies.birds.bird-feeder,pet-supplies.birds,L4,Bird Feeder,,bird-feeder,manual,,placeholder,bird feeder,cases/pet-supplies/birds/bird-feeder/,Derived product type
pet-supplies.birds.bird-cage-accessory,pet-supplies.birds,L4,Bird Cage Accessory,,bird-cage-accessory,manual,,placeholder,bird cage accessory,cases/pet-supplies/birds/bird-cage-accessory/,Derived product type
pet-supplies.small-animals,pet-supplies,L2,Small Animals,小宠用品,small-animals,user_screenshot/manual,,planned,hamster toy; small animal bedding,cases/pet-supplies/small-animals/,Generic examples only
pet-supplies.small-animals.hamster-toy,pet-supplies.small-animals,L4,Hamster Toy,,hamster-toy,manual,,placeholder,hamster toy,cases/pet-supplies/small-animals/hamster-toy/,Derived product type
pet-supplies.small-animals.small-animal-bedding,pet-supplies.small-animals,L4,Small Animal Bedding,,small-animal-bedding,manual,,placeholder,small animal bedding,cases/pet-supplies/small-animals/small-animal-bedding/,Derived product type
sports-and-outdoors,amazon-best-sellers,L1,Sports & Outdoors,运动与户外,sports-and-outdoors,user_screenshot/manual,,in_progress,yoga mat; camping lantern; basketball; fishing tackle box; sports cones,cases/sports-and-outdoors/,Public generic taxonomy
sports-and-outdoors.exercise-and-fitness,sports-and-outdoors,L2,Exercise & Fitness,运动健身,exercise-and-fitness,user_screenshot/manual,,planned,yoga mat; resistance bands; water bottle,cases/sports-and-outdoors/exercise-and-fitness/,Generic examples only
sports-and-outdoors.exercise-and-fitness.yoga-mat,sports-and-outdoors.exercise-and-fitness,L4,Yoga Mat,,yoga-mat,manual,,placeholder,yoga mat,cases/sports-and-outdoors/exercise-and-fitness/yoga-mat/,Derived product type
sports-and-outdoors.exercise-and-fitness.resistance-bands,sports-and-outdoors.exercise-and-fitness,L4,Resistance Bands,,resistance-bands,manual,,placeholder,resistance bands,cases/sports-and-outdoors/exercise-and-fitness/resistance-bands/,Derived product type
sports-and-outdoors.exercise-and-fitness.water-bottle,sports-and-outdoors.exercise-and-fitness,L4,Water Bottle,,water-bottle,manual,,placeholder,water bottle,cases/sports-and-outdoors/exercise-and-fitness/water-bottle/,Derived product type
sports-and-outdoors.outdoor-recreation,sports-and-outdoors,L2,Outdoor Recreation,户外休闲,outdoor-recreation,user_screenshot/manual,,planned,camping lantern; hiking backpack; sleeping pad,cases/sports-and-outdoors/outdoor-recreation/,Generic examples only
sports-and-outdoors.outdoor-recreation.camping-lantern,sports-and-outdoors.outdoor-recreation,L4,Camping Lantern,,camping-lantern,manual,,placeholder,camping lantern,cases/sports-and-outdoors/outdoor-recreation/camping-lantern/,Derived product type
sports-and-outdoors.outdoor-recreation.hiking-backpack,sports-and-outdoors.outdoor-recreation,L4,Hiking Backpack,,hiking-backpack,manual,,placeholder,hiking backpack,cases/sports-and-outdoors/outdoor-recreation/hiking-backpack/,Derived product type
sports-and-outdoors.outdoor-recreation.sleeping-pad,sports-and-outdoors.outdoor-recreation,L4,Sleeping Pad,,sleeping-pad,manual,,placeholder,sleeping pad,cases/sports-and-outdoors/outdoor-recreation/sleeping-pad/,Derived product type
sports-and-outdoors.sports,sports-and-outdoors,L2,Sports,体育用品,sports,user_screenshot/manual,,planned,basketball; soccer training cones; pickleball paddle,cases/sports-and-outdoors/sports/,Generic examples only
sports-and-outdoors.sports.basketball,sports-and-outdoors.sports,L4,Basketball,,basketball,manual,,placeholder,basketball,cases/sports-and-outdoors/sports/basketball/,Derived product type
sports-and-outdoors.sports.soccer-training-cones,sports-and-outdoors.sports,L4,Soccer Training Cones,,soccer-training-cones,manual,,placeholder,soccer training cones,cases/sports-and-outdoors/sports/soccer-training-cones/,Derived product type
sports-and-outdoors.sports.pickleball-paddle,sports-and-outdoors.sports,L4,Pickleball Paddle,,pickleball-paddle,manual,,placeholder,pickleball paddle,cases/sports-and-outdoors/sports/pickleball-paddle/,Derived product type
sports-and-outdoors.hunting-and-fishing,sports-and-outdoors,L2,Hunting & Fishing,狩猎与钓鱼,hunting-and-fishing,user_screenshot/manual,,planned,fishing tackle box; fishing lure set,cases/sports-and-outdoors/hunting-and-fishing/,Generic examples only
sports-and-outdoors.hunting-and-fishing.fishing-tackle-box,sports-and-outdoors.hunting-and-fishing,L4,Fishing Tackle Box,,fishing-tackle-box,manual,,placeholder,fishing tackle box,cases/sports-and-outdoors/hunting-and-fishing/fishing-tackle-box/,Derived product type
sports-and-outdoors.hunting-and-fishing.fishing-lure-set,sports-and-outdoors.hunting-and-fishing,L4,Fishing Lure Set,,fishing-lure-set,manual,,placeholder,fishing lure set,cases/sports-and-outdoors/hunting-and-fishing/fishing-lure-set/,Derived product type
sports-and-outdoors.team-sports,sports-and-outdoors,L2,Team Sports,团队运动,team-sports,user_screenshot/manual,,planned,sports cones; training bibs,cases/sports-and-outdoors/team-sports/,Generic examples only
sports-and-outdoors.team-sports.sports-cones,sports-and-outdoors.team-sports,L4,Sports Cones,,sports-cones,manual,,placeholder,sports cones,cases/sports-and-outdoors/team-sports/sports-cones/,Derived product type
sports-and-outdoors.team-sports.training-bibs,sports-and-outdoors.team-sports,L4,Training Bibs,,training-bibs,manual,,placeholder,training bibs,cases/sports-and-outdoors/team-sports/training-bibs/,Derived product type
tools-and-home-improvement,amazon-best-sellers,L1,Tools & Home Improvement,工具与家装,tools-and-home-improvement,user_screenshot/manual,,in_progress,weather stripping; wire connector; wall hooks; shower head; LED light strip,cases/tools-and-home-improvement/,Public generic taxonomy
tools-and-home-improvement.building-supplies,tools-and-home-improvement,L2,Building Supplies,建筑材料,building-supplies,user_screenshot/manual,,planned,weather stripping; wall repair patch,cases/tools-and-home-improvement/building-supplies/,Generic examples only
tools-and-home-improvement.building-supplies.weather-stripping,tools-and-home-improvement.building-supplies,L4,Weather Stripping,,weather-stripping,manual,,placeholder,weather stripping,cases/tools-and-home-improvement/building-supplies/weather-stripping/,Derived product type
tools-and-home-improvement.building-supplies.wall-repair-patch,tools-and-home-improvement.building-supplies,L4,Wall Repair Patch,,wall-repair-patch,manual,,placeholder,wall repair patch,cases/tools-and-home-improvement/building-supplies/wall-repair-patch/,Derived product type
tools-and-home-improvement.electrical,tools-and-home-improvement,L2,Electrical,电工电气,electrical,user_screenshot/manual,,planned,wire connector; extension cord,cases/tools-and-home-improvement/electrical/,Generic examples only
tools-and-home-improvement.electrical.wire-connector,tools-and-home-improvement.electrical,L4,Wire Connector,,wire-connector,manual,,placeholder,wire connector,cases/tools-and-home-improvement/electrical/wire-connector/,Derived product type
tools-and-home-improvement.electrical.extension-cord,tools-and-home-improvement.electrical,L4,Extension Cord,,extension-cord,manual,,placeholder,extension cord,cases/tools-and-home-improvement/electrical/extension-cord/,Derived product type
tools-and-home-improvement.hardware,tools-and-home-improvement,L2,Hardware,五金,hardware,user_screenshot/manual,,planned,wall hooks; screws assortment,cases/tools-and-home-improvement/hardware/,Generic examples only
tools-and-home-improvement.hardware.wall-hooks,tools-and-home-improvement.hardware,L4,Wall Hooks,,wall-hooks,manual,,placeholder,wall hooks,cases/tools-and-home-improvement/hardware/wall-hooks/,Derived product type
tools-and-home-improvement.hardware.screws-assortment,tools-and-home-improvement.hardware,L4,Screws Assortment,,screws-assortment,manual,,placeholder,screws assortment,cases/tools-and-home-improvement/hardware/screws-assortment/,Derived product type
tools-and-home-improvement.kitchen-and-bath-fixtures,tools-and-home-improvement,L2,Kitchen & Bath Fixtures,厨卫五金,kitchen-and-bath-fixtures,user_screenshot/manual,,planned,shower head; faucet accessory,cases/tools-and-home-improvement/kitchen-and-bath-fixtures/,Generic examples only
tools-and-home-improvement.kitchen-and-bath-fixtures.shower-head,tools-and-home-improvement.kitchen-and-bath-fixtures,L4,Shower Head,,shower-head,manual,,placeholder,shower head,cases/tools-and-home-improvement/kitchen-and-bath-fixtures/shower-head/,Derived product type
tools-and-home-improvement.kitchen-and-bath-fixtures.faucet-accessory,tools-and-home-improvement.kitchen-and-bath-fixtures,L4,Faucet Accessory,,faucet-accessory,manual,,placeholder,faucet accessory,cases/tools-and-home-improvement/kitchen-and-bath-fixtures/faucet-accessory/,Derived product type
tools-and-home-improvement.lighting-and-ceiling-fans,tools-and-home-improvement,L2,Lighting & Ceiling Fans,照明与吊扇,lighting-and-ceiling-fans,user_screenshot/manual,,planned,LED light strip; desk lamp,cases/tools-and-home-improvement/lighting-and-ceiling-fans/,Generic examples only
tools-and-home-improvement.lighting-and-ceiling-fans.led-light-strip,tools-and-home-improvement.lighting-and-ceiling-fans,L4,Led Light Strip,,led-light-strip,manual,,placeholder,LED light strip,cases/tools-and-home-improvement/lighting-and-ceiling-fans/led-light-strip/,Derived product type
tools-and-home-improvement.lighting-and-ceiling-fans.desk-lamp,tools-and-home-improvement.lighting-and-ceiling-fans,L4,Desk Lamp,,desk-lamp,manual,,placeholder,desk lamp,cases/tools-and-home-improvement/lighting-and-ceiling-fans/desk-lamp/,Derived product type
tools-and-home-improvement.measuring-and-layout-tools,tools-and-home-improvement,L2,Measuring & Layout Tools,测量与布局工具,measuring-and-layout-tools,user_screenshot/manual,,planned,measuring tape; laser level,cases/tools-and-home-improvement/measuring-and-layout-tools/,Generic examples only
tools-and-home-improvement.measuring-and-layout-tools.measuring-tape,tools-and-home-improvement.measuring-and-layout-tools,L4,Measuring Tape,,measuring-tape,manual,,placeholder,measuring tape,cases/tools-and-home-improvement/measuring-and-layout-tools/measuring-tape/,Derived product type
tools-and-home-improvement.measuring-and-layout-tools.laser-level,tools-and-home-improvement.measuring-and-layout-tools,L4,Laser Level,,laser-level,manual,,placeholder,laser level,cases/tools-and-home-improvement/measuring-and-layout-tools/laser-level/,Derived product type
tools-and-home-improvement.paint-wall-treatments-and-supplies,tools-and-home-improvement,L2,"Paint, Wall Treatments & Supplies",油漆墙面与用品,paint-wall-treatments-and-supplies,user_screenshot/manual,,planned,paint roller; masking tape,cases/tools-and-home-improvement/paint-wall-treatments-and-supplies/,Generic examples only
tools-and-home-improvement.paint-wall-treatments-and-supplies.paint-roller,tools-and-home-improvement.paint-wall-treatments-and-supplies,L4,Paint Roller,,paint-roller,manual,,placeholder,paint roller,cases/tools-and-home-improvement/paint-wall-treatments-and-supplies/paint-roller/,Derived product type
tools-and-home-improvement.paint-wall-treatments-and-supplies.masking-tape,tools-and-home-improvement.paint-wall-treatments-and-supplies,L4,Masking Tape,,masking-tape,manual,,placeholder,masking tape,cases/tools-and-home-improvement/paint-wall-treatments-and-supplies/masking-tape/,Derived product type
tools-and-home-improvement.power-and-hand-tools,tools-and-home-improvement,L2,Power & Hand Tools,电动与手动工具,power-and-hand-tools,user_screenshot/manual,,planned,cordless drill; screwdriver set,cases/tools-and-home-improvement/power-and-hand-tools/,Generic examples only
tools-and-home-improvement.power-and-hand-tools.cordless-drill,tools-and-home-improvement.power-and-hand-tools,L4,Cordless Drill,,cordless-drill,manual,,placeholder,cordless drill,cases/tools-and-home-improvement/power-and-hand-tools/cordless-drill/,Derived product type
tools-and-home-improvement.power-and-hand-tools.screwdriver-set,tools-and-home-improvement.power-and-hand-tools,L4,Screwdriver Set,,screwdriver-set,manual,,placeholder,screwdriver set,cases/tools-and-home-improvement/power-and-hand-tools/screwdriver-set/,Derived product type
tools-and-home-improvement.safety-and-security,tools-and-home-improvement,L2,Safety & Security,安全与安防,safety-and-security,user_screenshot/manual,,planned,door lock; safety glasses,cases/tools-and-home-improvement/safety-and-security/,Generic examples only
tools-and-home-improvement.safety-and-security.door-lock,tools-and-home-improvement.safety-and-security,L4,Door Lock,,door-lock,manual,,placeholder,door lock,cases/tools-and-home-improvement/safety-and-security/door-lock/,Derived product type
tools-and-home-improvement.safety-and-security.safety-glasses,tools-and-home-improvement.safety-and-security,L4,Safety Glasses,,safety-glasses,manual,,placeholder,safety glasses,cases/tools-and-home-improvement/safety-and-security/safety-glasses/,Derived product type
tools-and-home-improvement.storage-and-home-organization,tools-and-home-improvement,L2,Storage & Home Organization,收纳与家居整理,storage-and-home-organization,user_screenshot/manual,,planned,tool organizer; storage hooks,cases/tools-and-home-improvement/storage-and-home-organization/,Generic examples only
tools-and-home-improvement.storage-and-home-organization.tool-organizer,tools-and-home-improvement.storage-and-home-organization,L4,Tool Organizer,,tool-organizer,manual,,placeholder,tool organizer,cases/tools-and-home-improvement/storage-and-home-organization/tool-organizer/,Derived product type
tools-and-home-improvement.storage-and-home-organization.storage-hooks,tools-and-home-improvement.storage-and-home-organization,L4,Storage Hooks,,storage-hooks,manual,,placeholder,storage hooks,cases/tools-and-home-improvement/storage-and-home-organization/storage-hooks/,Derived product type
toys-and-games,amazon-best-sellers,L1,Toys & Games,玩具与游戏,toys-and-games,user_screenshot/manual,,in_progress,kids craft kit; building blocks set; doll accessory set; board game; learning flash cards,cases/toys-and-games/,Public generic taxonomy
toys-and-games.arts-and-crafts,toys-and-games,L2,Arts & Crafts,艺术与手工玩具,arts-and-crafts,user_screenshot/manual,,planned,kids craft kit; drawing tablet toy,cases/toys-and-games/arts-and-crafts/,Generic examples only
toys-and-games.arts-and-crafts.kids-craft-kit,toys-and-games.arts-and-crafts,L4,Kids Craft Kit,,kids-craft-kit,manual,,placeholder,kids craft kit,cases/toys-and-games/arts-and-crafts/kids-craft-kit/,Derived product type
toys-and-games.arts-and-crafts.drawing-tablet-toy,toys-and-games.arts-and-crafts,L4,Drawing Tablet Toy,,drawing-tablet-toy,manual,,placeholder,drawing tablet toy,cases/toys-and-games/arts-and-crafts/drawing-tablet-toy/,Derived product type
toys-and-games.building-toys,toys-and-games,L2,Building Toys,积木玩具,building-toys,user_screenshot/manual,,planned,building blocks set; magnetic tiles,cases/toys-and-games/building-toys/,Generic examples only
toys-and-games.building-toys.building-blocks-set,toys-and-games.building-toys,L4,Building Blocks Set,,building-blocks-set,manual,,placeholder,building blocks set,cases/toys-and-games/building-toys/building-blocks-set/,Derived product type
toys-and-games.building-toys.magnetic-tiles,toys-and-games.building-toys,L4,Magnetic Tiles,,magnetic-tiles,manual,,placeholder,magnetic tiles,cases/toys-and-games/building-toys/magnetic-tiles/,Derived product type
toys-and-games.dolls-and-accessories,toys-and-games,L2,Dolls & Accessories,娃娃与配件,dolls-and-accessories,user_screenshot/manual,,planned,doll accessory set; plush doll,cases/toys-and-games/dolls-and-accessories/,Generic examples only
toys-and-games.dolls-and-accessories.doll-accessory-set,toys-and-games.dolls-and-accessories,L4,Doll Accessory Set,,doll-accessory-set,manual,,placeholder,doll accessory set,cases/toys-and-games/dolls-and-accessories/doll-accessory-set/,Derived product type
toys-and-games.dolls-and-accessories.plush-doll,toys-and-games.dolls-and-accessories,L4,Plush Doll,,plush-doll,manual,,placeholder,plush doll,cases/toys-and-games/dolls-and-accessories/plush-doll/,Derived product type
toys-and-games.games,toys-and-games,L2,Games,游戏,games,user_screenshot/manual,,planned,board game; card game,cases/toys-and-games/games/,Generic examples only
toys-and-games.games.board-game,toys-and-games.games,L4,Board Game,,board-game,manual,,placeholder,board game,cases/toys-and-games/games/board-game/,Derived product type
toys-and-games.games.card-game,toys-and-games.games,L4,Card Game,,card-game,manual,,placeholder,card game,cases/toys-and-games/games/card-game/,Derived product type
toys-and-games.learning-and-education,toys-and-games,L2,Learning & Education,学习教育,learning-and-education,user_screenshot/manual,,planned,learning flash cards; STEM kit,cases/toys-and-games/learning-and-education/,Generic examples only
toys-and-games.learning-and-education.learning-flash-cards,toys-and-games.learning-and-education,L4,Learning Flash Cards,,learning-flash-cards,manual,,placeholder,learning flash cards,cases/toys-and-games/learning-and-education/learning-flash-cards/,Derived product type
toys-and-games.learning-and-education.stem-kit,toys-and-games.learning-and-education,L4,Stem Kit,,stem-kit,manual,,placeholder,STEM kit,cases/toys-and-games/learning-and-education/stem-kit/,Derived product type
toys-and-games.puzzles,toys-and-games,L2,Puzzles,拼图,puzzles,user_screenshot/manual,,planned,jigsaw puzzle; wooden puzzle,cases/toys-and-games/puzzles/,Generic examples only
toys-and-games.puzzles.jigsaw-puzzle,toys-and-games.puzzles,L4,Jigsaw Puzzle,,jigsaw-puzzle,manual,,placeholder,jigsaw puzzle,cases/toys-and-games/puzzles/jigsaw-puzzle/,Derived product type
toys-and-games.puzzles.wooden-puzzle,toys-and-games.puzzles,L4,Wooden Puzzle,,wooden-puzzle,manual,,placeholder,wooden puzzle,cases/toys-and-games/puzzles/wooden-puzzle/,Derived product type
toys-and-games.stuffed-animals-and-plush-toys,toys-and-games,L2,Stuffed Animals & Plush Toys,毛绒玩具,stuffed-animals-and-plush-toys,user_screenshot/manual,,planned,plush toy; stuffed animal,cases/toys-and-games/stuffed-animals-and-plush-toys/,Generic examples only
toys-and-games.stuffed-animals-and-plush-toys.plush-toy,toys-and-games.stuffed-animals-and-plush-toys,L4,Plush Toy,,plush-toy,manual,,placeholder,plush toy,cases/toys-and-games/stuffed-animals-and-plush-toys/plush-toy/,Derived product type
toys-and-games.stuffed-animals-and-plush-toys.stuffed-animal,toys-and-games.stuffed-animals-and-plush-toys,L4,Stuffed Animal,,stuffed-animal,manual,,placeholder,stuffed animal,cases/toys-and-games/stuffed-animals-and-plush-toys/stuffed-animal/,Derived product type
beauty-and-personal-care,amazon-best-sellers,L1,Beauty & Personal Care,美妆与个护,beauty-and-personal-care,user_screenshot/manual,,in_progress,makeup brush set; hair brush; makeup palette concept; toiletry bag; face roller,cases/beauty-and-personal-care/,Public generic taxonomy
beauty-and-personal-care.beauty-tools-and-accessories,beauty-and-personal-care,L2,Beauty Tools & Accessories,美妆工具与配件,beauty-tools-and-accessories,user_screenshot/manual,,planned,makeup brush set; makeup organizer,cases/beauty-and-personal-care/beauty-tools-and-accessories/,Generic examples only
beauty-and-personal-care.beauty-tools-and-accessories.makeup-brush-set,beauty-and-personal-care.beauty-tools-and-accessories,L4,Makeup Brush Set,,makeup-brush-set,manual,,placeholder,makeup brush set,cases/beauty-and-personal-care/beauty-tools-and-accessories/makeup-brush-set/,Derived product type
beauty-and-personal-care.beauty-tools-and-accessories.makeup-organizer,beauty-and-personal-care.beauty-tools-and-accessories,L4,Makeup Organizer,,makeup-organizer,manual,,placeholder,makeup organizer,cases/beauty-and-personal-care/beauty-tools-and-accessories/makeup-organizer/,Derived product type
beauty-and-personal-care.hair-care,beauty-and-personal-care,L2,Hair Care,头发护理,hair-care,user_screenshot/manual,,planned,hair brush; hair dryer concept,cases/beauty-and-personal-care/hair-care/,Generic examples only
beauty-and-personal-care.hair-care.hair-brush,beauty-and-personal-care.hair-care,L4,Hair Brush,,hair-brush,manual,,placeholder,hair brush,cases/beauty-and-personal-care/hair-care/hair-brush/,Derived product type
beauty-and-personal-care.hair-care.hair-dryer-concept,beauty-and-personal-care.hair-care,L4,Hair Dryer Concept,,hair-dryer-concept,manual,,placeholder,hair dryer concept,cases/beauty-and-personal-care/hair-care/hair-dryer-concept/,Derived product type
beauty-and-personal-care.makeup,beauty-and-personal-care,L2,Makeup,彩妆,makeup,user_screenshot/manual,,planned,makeup palette concept; lip gloss set,cases/beauty-and-personal-care/makeup/,Generic examples only
beauty-and-personal-care.makeup.makeup-palette-concept,beauty-and-personal-care.makeup,L4,Makeup Palette Concept,,makeup-palette-concept,manual,,placeholder,makeup palette concept,cases/beauty-and-personal-care/makeup/makeup-palette-concept/,Derived product type
beauty-and-personal-care.makeup.lip-gloss-set,beauty-and-personal-care.makeup,L4,Lip Gloss Set,,lip-gloss-set,manual,,placeholder,lip gloss set,cases/beauty-and-personal-care/makeup/lip-gloss-set/,Derived product type
beauty-and-personal-care.personal-care,beauty-and-personal-care,L2,Personal Care,个人护理,personal-care,user_screenshot/manual,,planned,toiletry bag; travel bottle set,cases/beauty-and-personal-care/personal-care/,Generic examples only
beauty-and-personal-care.personal-care.toiletry-bag,beauty-and-personal-care.personal-care,L4,Toiletry Bag,,toiletry-bag,manual,,placeholder,toiletry bag,cases/beauty-and-personal-care/personal-care/toiletry-bag/,Derived product type
beauty-and-personal-care.personal-care.travel-bottle-set,beauty-and-personal-care.personal-care,L4,Travel Bottle Set,,travel-bottle-set,manual,,placeholder,travel bottle set,cases/beauty-and-personal-care/personal-care/travel-bottle-set/,Derived product type
beauty-and-personal-care.skin-care,beauty-and-personal-care,L2,Skin Care,皮肤护理,skin-care,user_screenshot/manual,,planned,face roller; skin care organizer,cases/beauty-and-personal-care/skin-care/,Generic examples only
beauty-and-personal-care.skin-care.face-roller,beauty-and-personal-care.skin-care,L4,Face Roller,,face-roller,manual,,placeholder,face roller,cases/beauty-and-personal-care/skin-care/face-roller/,Derived product type
beauty-and-personal-care.skin-care.skin-care-organizer,beauty-and-personal-care.skin-care,L4,Skin Care Organizer,,skin-care-organizer,manual,,placeholder,skin care organizer,cases/beauty-and-personal-care/skin-care/skin-care-organizer/,Derived product type
books,amazon-best-sellers,L1,Books,图书,books,user_screenshot/manual,,in_progress,art book cover concept; business book cover concept; children story book cover; cookbook cover concept; novel cover concept,cases/books/,Public generic taxonomy
books.arts-and-photography,books,L2,Arts & Photography,艺术与摄影,arts-and-photography,user_screenshot/manual,,planned,art book cover concept; photography book mockup,cases/books/arts-and-photography/,Generic examples only
books.arts-and-photography.art-book-cover-concept,books.arts-and-photography,L4,Art Book Cover Concept,,art-book-cover-concept,manual,,placeholder,art book cover concept,cases/books/arts-and-photography/art-book-cover-concept/,Derived product type
books.arts-and-photography.photography-book-mockup,books.arts-and-photography,L4,Photography Book Mockup,,photography-book-mockup,manual,,placeholder,photography book mockup,cases/books/arts-and-photography/photography-book-mockup/,Derived product type
books.business-and-money,books,L2,Business & Money,商业与金钱,business-and-money,user_screenshot/manual,,planned,business book cover concept; finance guide cover,cases/books/business-and-money/,Generic examples only
books.business-and-money.business-book-cover-concept,books.business-and-money,L4,Business Book Cover Concept,,business-book-cover-concept,manual,,placeholder,business book cover concept,cases/books/business-and-money/business-book-cover-concept/,Derived product type
books.business-and-money.finance-guide-cover,books.business-and-money,L4,Finance Guide Cover,,finance-guide-cover,manual,,placeholder,finance guide cover,cases/books/business-and-money/finance-guide-cover/,Derived product type
books.childrens-books,books,L2,Children's Books,儿童图书,childrens-books,user_screenshot/manual,,planned,children story book cover; activity book cover,cases/books/childrens-books/,Generic examples only
books.childrens-books.children-story-book-cover,books.childrens-books,L4,Children Story Book Cover,,children-story-book-cover,manual,,placeholder,children story book cover,cases/books/childrens-books/children-story-book-cover/,Derived product type
books.childrens-books.activity-book-cover,books.childrens-books,L4,Activity Book Cover,,activity-book-cover,manual,,placeholder,activity book cover,cases/books/childrens-books/activity-book-cover/,Derived product type
books.cookbooks-food-and-wine,books,L2,"Cookbooks, Food & Wine",烹饪美食与葡萄酒,cookbooks-food-and-wine,user_screenshot/manual,,planned,cookbook cover concept; recipe book cover,cases/books/cookbooks-food-and-wine/,Generic examples only
books.cookbooks-food-and-wine.cookbook-cover-concept,books.cookbooks-food-and-wine,L4,Cookbook Cover Concept,,cookbook-cover-concept,manual,,placeholder,cookbook cover concept,cases/books/cookbooks-food-and-wine/cookbook-cover-concept/,Derived product type
books.cookbooks-food-and-wine.recipe-book-cover,books.cookbooks-food-and-wine,L4,Recipe Book Cover,,recipe-book-cover,manual,,placeholder,recipe book cover,cases/books/cookbooks-food-and-wine/recipe-book-cover/,Derived product type
books.literature-and-fiction,books,L2,Literature & Fiction,文学与小说,literature-and-fiction,user_screenshot/manual,,planned,novel cover concept; fiction paperback mockup,cases/books/literature-and-fiction/,Generic examples only
books.literature-and-fiction.novel-cover-concept,books.literature-and-fiction,L4,Novel Cover Concept,,novel-cover-concept,manual,,placeholder,novel cover concept,cases/books/literature-and-fiction/novel-cover-concept/,Derived product type
books.literature-and-fiction.fiction-paperback-mockup,books.literature-and-fiction,L4,Fiction Paperback Mockup,,fiction-paperback-mockup,manual,,placeholder,fiction paperback mockup,cases/books/literature-and-fiction/fiction-paperback-mockup/,Derived product type
books.self-help,books,L2,Self-Help,自助成长,self-help,user_screenshot/manual,,planned,self help book cover; personal growth guide,cases/books/self-help/,Generic examples only
books.self-help.self-help-book-cover,books.self-help,L4,Self Help Book Cover,,self-help-book-cover,manual,,placeholder,self help book cover,cases/books/self-help/self-help-book-cover/,Derived product type
books.self-help.personal-growth-guide,books.self-help,L4,Personal Growth Guide,,personal-growth-guide,manual,,placeholder,personal growth guide,cases/books/self-help/personal-growth-guide/,Derived product type
video-games,amazon-best-sellers,L1,Video Games,电子游戏,video-games,user_screenshot/manual,,in_progress,controller charging dock; generic game cover concept; game console stand; subscription card concept,cases/video-games/,Public generic taxonomy
video-games.accessories,video-games,L2,Accessories,游戏配件,accessories,user_screenshot/manual,,planned,controller charging dock; gaming headset,cases/video-games/accessories/,Generic examples only
video-games.accessories.controller-charging-dock,video-games.accessories,L4,Controller Charging Dock,,controller-charging-dock,manual,,placeholder,controller charging dock,cases/video-games/accessories/controller-charging-dock/,Derived product type
video-games.accessories.gaming-headset,video-games.accessories,L4,Gaming Headset,,gaming-headset,manual,,placeholder,gaming headset,cases/video-games/accessories/gaming-headset/,Derived product type
video-games.games,video-games,L2,Games,游戏软件,games,user_screenshot/manual,,planned,generic game cover concept; game card mockup,cases/video-games/games/,Generic examples only
video-games.games.generic-game-cover-concept,video-games.games,L4,Generic Game Cover Concept,,generic-game-cover-concept,manual,,placeholder,generic game cover concept,cases/video-games/games/generic-game-cover-concept/,Derived product type
video-games.games.game-card-mockup,video-games.games,L4,Game Card Mockup,,game-card-mockup,manual,,placeholder,game card mockup,cases/video-games/games/game-card-mockup/,Derived product type
video-games.gaming-systems,video-games,L2,Gaming Systems,游戏系统,gaming-systems,user_screenshot/manual,,planned,game console stand; portable console case,cases/video-games/gaming-systems/,Generic examples only
video-games.gaming-systems.game-console-stand,video-games.gaming-systems,L4,Game Console Stand,,game-console-stand,manual,,placeholder,game console stand,cases/video-games/gaming-systems/game-console-stand/,Derived product type
video-games.gaming-systems.portable-console-case,video-games.gaming-systems,L4,Portable Console Case,,portable-console-case,manual,,placeholder,portable console case,cases/video-games/gaming-systems/portable-console-case/,Derived product type
video-games.online-game-services,video-games,L2,Online Game Services,在线游戏服务,online-game-services,user_screenshot/manual,,planned,subscription card concept; digital code card,cases/video-games/online-game-services/,Generic examples only
video-games.online-game-services.subscription-card-concept,video-games.online-game-services,L4,Subscription Card Concept,,subscription-card-concept,manual,,placeholder,subscription card concept,cases/video-games/online-game-services/subscription-card-concept/,Derived product type
video-games.online-game-services.digital-code-card,video-games.online-game-services,L4,Digital Code Card,,digital-code-card,manual,,placeholder,digital code card,cases/video-games/online-game-services/digital-code-card/,Derived product type
